,Y
2112,1
6464,0
11789,1
3107,1
11806,0
14129,1
12694,0
8135,1
10015,0
13305,1
9280,1
11053,0
5209,0
1952,0
5244,1
11403,0
11975,0
10613,1
13165,1
142,1
6610,1
243,1
3276,1
13739,0
2228,0
10017,0
3785,0
2281,0
8721,1
6980,1
2501,0
13324,0
965,1
7813,1
5328,0
3814,0
11788,1
6384,0
12682,1
10452,0
4582,0
4441,1
14098,0
11222,0
2767,1
3182,0
12340,0
11753,0
4131,0
1768,0
1813,1
9982,0
2587,0
12305,1
3203,0
2008,0
1149,1
11611,1
10036,0
706,0
4389,1
11721,1
9485,0
8785,1
6550,0
7223,0
1046,1
5084,1
11923,0
2446,1
12132,0
11217,0
3872,1
5870,0
13743,1
4805,0
3491,1
422,1
13605,0
9042,0
4846,1
11556,1
10441,1
12419,0
7120,0
13844,1
11425,1
7887,0
4648,1
10183,0
7389,0
1497,0
1535,0
4921,0
4548,1
4887,0
2449,0
5515,0
7237,1
9726,0
9266,0
13495,1
6570,1
12690,0
9948,0
147,0
9852,1
3386,1
3755,0
9434,0
5242,1
12402,1
4528,0
103,0
3165,1
12009,1
5124,0
8685,1
11918,0
1794,0
5012,0
2317,0
12072,0
13101,1
13140,0
7400,1
5887,1
12603,1
11478,1
1668,0
13416,1
11845,1
4600,0
14240,1
7962,1
14118,0
5300,0
937,1
13186,1
12700,1
12071,0
12543,1
7968,1
674,0
2208,1
4840,1
8987,0
4493,0
13772,1
9846,1
1488,0
7024,0
12156,0
1620,1
1520,1
6270,0
12671,0
2470,1
3266,0
4550,0
3416,1
10894,1
7280,1
1890,0
2172,1
12660,0
8525,1
4179,0
647,0
14048,1
11351,1
13072,1
1930,1
1327,1
11033,1
11835,1
2923,0
4209,0
11342,1
4328,0
1942,0
5503,0
8752,1
11441,0
13116,0
4691,0
4641,0
6795,0
14148,1
2309,0
14175,1
2229,0
7505,1
1324,1
1752,0
4342,1
1721,1
6917,0
5206,0
13086,1
10374,0
12914,0
3000,0
1309,0
6426,1
11618,1
11919,0
12428,0
2974,1
13239,0
6811,1
13082,1
224,0
3174,1
13515,1
3856,1
6652,1
3100,0
4774,0
10190,0
13497,0
8064,1
5656,0
12,1
8349,1
4054,1
5742,1
12515,1
8501,0
3336,1
8572,0
11969,0
2816,1
6672,0
2973,1
13788,1
3681,0
2292,0
8159,0
1045,0
2534,0
11980,1
6307,0
9802,0
6139,1
11728,1
12015,0
3901,0
1252,0
12113,0
13420,0
10476,1
13807,1
12602,1
5088,0
8036,0
8291,1
207,1
9981,1
10722,0
4214,0
6727,0
5963,1
11653,1
8880,0
12378,1
6800,0
11440,0
311,0
6164,0
13369,1
4164,1
6786,1
2141,1
5097,0
5969,1
1775,0
13474,1
925,1
5924,1
10957,0
5225,1
3240,0
13318,1
8918,1
695,0
13770,0
4465,0
5044,1
3625,1
9621,0
6816,0
1612,0
182,0
12951,0
7572,0
12972,1
4872,0
8584,1
4288,0
11762,1
1280,0
1733,0
3621,0
1491,1
5394,1
6825,0
1719,1
14201,1
4169,0
13454,1
994,1
2915,0
11617,1
3787,0
1237,1
2699,0
5453,0
5810,0
12973,0
6491,0
1821,0
12719,0
10850,0
3783,0
10224,0
7146,1
11344,1
12521,0
3576,1
1911,0
8269,1
1255,0
1747,0
6145,0
905,1
10707,1
6697,0
1943,0
8301,1
3806,1
9271,0
11086,0
3166,0
2654,1
3749,1
3482,0
8063,1
10965,0
13633,1
9187,1
13124,1
11696,0
11554,0
869,0
8700,0
6998,1
8440,1
13063,1
13228,0
7949,0
12988,0
2176,1
10110,0
6329,0
13668,0
609,0
12684,0
155,1
5154,0
82,0
7222,1
9569,0
12709,1
6949,0
654,1
9244,0
13478,1
11687,0
4458,0
13097,0
8281,0
5826,1
8878,1
9041,0
14166,1
12683,0
9582,0
1492,1
10544,0
12512,0
6492,1
1123,1
4955,1
5793,0
902,0
4304,0
8746,0
4640,1
542,0
9966,1
3521,0
12866,0
5258,1
4832,0
2330,1
2630,0
6953,1
5853,1
7005,1
8835,1
1625,1
4912,1
8854,0
5248,0
5624,0
10504,0
336,0
13699,1
10296,0
4134,1
6141,1
11545,1
2843,0
7304,0
2101,0
5910,0
2667,0
14067,1
10233,0
4449,0
9820,0
10867,1
9999,0
3556,0
678,1
3803,0
5031,0
7890,0
3713,1
3771,1
12244,0
1486,0
5832,1
13838,1
14096,1
2675,0
9841,1
5011,1
13620,1
7064,1
8465,0
2221,1
7360,0
9067,0
11096,0
13395,1
5085,1
6873,0
14061,0
3224,1
6094,0
13763,1
6608,1
5,0
10799,0
13306,0
4156,1
2138,0
10050,1
418,1
13033,0
12631,1
11953,0
907,0
3800,0
2679,0
2347,1
13632,1
4959,0
8176,1
8643,0
6604,1
11420,1
12212,0
6961,0
2278,1
9093,0
7649,1
1653,0
8766,1
9696,1
5295,0
4021,1
10416,1
8329,0
1148,0
1365,0
2496,0
12337,0
823,0
6792,0
8224,0
1726,1
11130,0
3890,1
10410,1
8384,0
2154,1
3198,1
8582,0
8537,1
2904,0
4174,0
8194,1
6394,0
10353,0
10166,1
10689,1
5628,1
11259,0
3347,0
12309,0
13843,0
12525,1
7636,1
14007,1
4461,1
3228,0
9017,1
6210,0
12692,0
11153,0
5494,0
1406,1
1259,1
3222,1
10107,1
3834,1
3499,0
4785,0
12961,0
2561,0
13428,0
8797,1
5109,0
11393,0
7332,1
6133,1
10773,1
1750,0
14124,0
5748,0
3079,1
4777,1
3158,1
7349,0
6983,0
10984,0
7712,1
2283,1
5799,0
3721,0
6065,0
10603,1
6856,1
9177,0
942,1
268,1
2507,0
5795,1
7380,0
358,1
11751,1
2204,1
13577,1
6713,0
779,1
12415,1
11688,0
4612,0
2563,0
9450,0
8691,1
4354,1
101,1
3519,0
11779,0
3885,1
8759,1
12952,0
6719,1
1415,0
12863,0
3419,0
614,0
2576,1
9901,0
7589,1
11539,0
13152,0
6113,0
10081,0
1287,0
8355,0
7830,1
4794,1
4335,0
8750,1
12056,1
6470,1
9490,1
13347,0
9322,1
9910,1
1655,0
2386,0
1804,0
8385,0
4906,0
9168,0
4133,1
2211,1
672,1
2048,1
10343,0
9118,1
2965,0
12165,0
8014,0
1903,1
13292,0
4914,1
12867,1
5477,0
8937,1
3296,1
5304,0
564,0
14243,1
3217,0
5113,1
6932,0
8277,0
55,1
2854,1
3892,0
6018,1
12797,0
4450,0
9505,1
1316,0
13422,1
9609,1
7302,1
6038,0
5635,0
9129,0
13891,0
3957,1
8712,0
1866,1
767,1
12544,1
9448,1
9632,0
5264,1
615,0
13435,1
10675,0
13482,0
3540,1
6589,0
2671,0
11364,0
4792,0
13629,0
3243,0
4636,0
8839,0
4940,0
3453,1
10886,0
2152,1
347,0
978,1
7419,0
10948,1
1264,0
1281,1
8127,1
5404,0
8362,1
3241,0
5005,0
6674,1
11663,0
10046,0
12548,1
5694,1
5768,0
7100,1
8257,1
4142,1
9089,1
11082,0
9372,1
5472,1
2930,0
12619,0
3741,1
10546,0
13758,0
13723,0
5576,0
11828,0
13171,0
4593,1
3801,0
9480,0
12910,0
118,1
2149,0
3953,0
6213,0
8228,1
8594,0
1756,0
2076,1
9358,1
12891,1
3438,0
781,1
5413,1
2737,0
3160,1
9699,1
10973,1
4471,0
6687,1
12279,0
7191,0
13607,1
11264,1
8358,1
2693,0
10350,1
7993,0
11196,1
5792,1
11464,0
13325,1
13144,0
21,0
34,1
6117,1
9798,0
5498,1
12042,1
4619,1
13711,1
11287,1
11316,1
5646,1
9946,1
12656,0
5314,1
7099,0
8778,1
3963,1
13840,0
11144,0
1051,0
2575,0
2661,1
8794,1
7565,0
12123,1
6686,1
11479,1
5139,1
4254,0
7215,0
7869,0
5087,0
6836,1
2508,0
13029,0
12125,0
8437,0
12932,1
5678,1
6623,0
508,1
4525,0
9171,1
11105,0
8169,1
9198,1
9313,0
12872,1
4388,1
5806,1
14167,1
7345,0
11874,1
7932,0
6260,0
7952,0
13249,0
2380,0
3982,1
7796,1
909,0
11809,1
9658,1
9008,0
6723,1
9072,0
4572,1
1289,1
10379,1
5787,0
1036,0
2396,1
8405,1
11910,0
780,0
7499,0
9052,1
4484,1
9599,0
574,1
8715,0
10553,0
6149,0
8388,1
178,1
13176,0
3163,1
162,0
6412,0
12938,0
1816,0
3218,1
12971,0
4068,0
483,0
9314,1
9230,1
5325,1
5782,0
897,1
10618,1
11534,0
13701,1
9131,0
192,1
4055,0
12434,1
12202,1
4607,0
9626,1
938,1
10556,0
10253,1
8804,0
480,0
6789,0
9741,1
1873,1
7182,1
9464,1
1363,0
8034,0
5587,0
6669,1
3141,1
1858,0
13662,1
9020,1
1705,0
3207,0
8071,0
9201,0
12229,0
4236,1
3563,0
601,1
3375,0
11701,1
10217,0
2420,1
12579,0
13139,1
2754,1
9312,0
12295,0
733,0
12195,0
11424,0
6613,0
13132,1
3750,1
5747,1
12473,0
14038,0
8614,1
7817,0
6135,1
7432,0
7063,1
4283,0
11606,1
3533,0
7648,0
3840,0
6287,0
2636,0
10273,0
9760,0
2409,0
13146,0
6247,0
1928,0
10686,1
8777,1
3155,0
11870,1
10292,1
2348,0
1939,0
14154,1
2554,1
7311,0
6986,0
560,0
3627,1
6563,0
10337,1
8126,0
7450,1
659,1
11154,1
9792,0
4253,0
8012,0
3979,0
3051,0
10488,1
4708,1
4272,0
6641,1
5959,0
2791,1
8324,0
13060,0
12455,0
1774,1
4983,0
14062,1
4725,0
7266,0
6093,1
1253,0
12197,1
7091,0
10712,0
4866,1
2539,0
7175,1
9188,1
13741,1
6225,1
7891,0
9752,1
13211,0
12498,1
689,0
9734,0
3006,1
9001,1
8428,0
6067,1
8955,0
10126,1
14207,1
4406,1
8769,1
10033,1
8585,0
7095,1
6543,1
7754,1
4297,0
314,1
8680,1
6420,0
11426,0
6756,0
7995,0
12925,0
5238,1
536,0
12458,0
6996,1
690,1
1581,0
12385,1
10967,0
7850,0
8383,0
11885,0
12488,1
8001,0
11573,0
110,0
2412,1
2991,0
13386,1
9257,1
4518,0
2115,1
13818,1
9241,0
3677,1
10188,0
2421,0
7480,0
6403,0
1371,0
8445,0
8340,1
72,1
12753,1
8636,1
1776,1
10807,0
13149,1
10596,0
5549,0
2081,0
11235,0
11817,1
4309,0
4319,1
11204,0
1285,1
9391,0
8318,0
5905,0
2847,1
13754,1
12916,0
10755,1
8660,0
5336,0
1498,1
8932,0
13263,1
11277,0
524,0
12791,1
821,1
3532,0
104,1
6128,1
11156,0
8943,1
6817,1
8754,0
5083,1
1893,0
8208,1
2884,0
9298,0
13290,1
10582,1
7943,0
8016,0
10934,1
12112,1
8504,1
5149,1
13748,0
10691,1
6766,0
8870,0
6408,0
2365,0
13815,1
3589,1
4139,0
7879,1
13839,1
8345,1
11166,0
1767,0
4718,0
1850,1
10933,0
3538,0
3161,1
9918,0
9907,0
4978,0
2155,1
4339,0
7142,1
12131,1
6430,0
12727,0
10225,1
12871,0
3968,0
6488,0
7963,0
996,0
12227,1
13845,0
9576,1
12904,0
12020,1
4700,1
11133,1
2467,1
7172,0
7416,1
2910,0
9870,1
3279,0
14025,0
9819,0
9619,0
11808,0
8109,0
4426,1
9748,0
274,0
12502,0
5843,0
12261,1
8894,0
8858,0
6424,1
1525,0
5725,0
11867,0
3455,1
2433,0
2151,1
2971,1
10811,1
13878,1
364,1
8359,1
8296,0
2730,1
10228,1
9221,1
12807,1
1803,0
11296,0
7609,1
2871,0
11550,0
3292,1
3980,0
12688,0
4849,1
12908,0
8350,1
9323,1
1321,0
9220,0
3762,0
3412,1
10412,0
9761,1
4459,0
1248,0
2419,0
12077,0
10274,1
1991,1
10676,0
8252,1
2383,0
13232,1
860,1
8274,0
5292,1
10495,1
3902,1
13309,0
1896,1
2333,0
3663,1
1124,0
14193,1
11528,1
14097,0
5287,0
2244,0
11527,1
1390,0
1191,1
12355,1
10862,0
2105,0
3712,0
3008,0
960,0
33,0
3021,0
1373,1
9807,0
6536,1
8306,0
11825,0
2920,0
10932,0
6798,0
7559,1
5319,1
12652,0
4476,1
9758,0
8290,0
9048,1
4317,0
491,1
12868,0
4387,1
3654,1
2619,0
2801,0
4477,0
4419,1
12326,1
13593,0
5337,1
1543,0
7188,0
2810,1
12000,0
12927,0
9768,0
175,0
6521,1
2321,0
11741,0
5200,0
6865,0
13488,1
5724,1
8822,0
5811,0
1644,0
11782,1
9811,0
6771,1
7494,0
2512,0
3057,0
7192,0
10367,1
14105,0
13383,1
4539,1
2718,1
2528,1
11234,1
9189,0
9739,1
2196,1
4610,0
2746,0
3018,0
12600,0
8798,0
10067,1
4512,0
9437,0
631,1
1782,1
3935,0
13725,0
982,0
6371,0
10938,1
8099,0
12997,0
1185,0
7856,1
6992,1
10073,1
4586,1
7669,0
4925,0
6281,1
8739,1
1052,0
1834,0
12942,0
10143,0
264,0
1700,1
4511,1
3884,0
4727,0
6586,0
11717,0
10824,1
11602,0
5735,0
2785,0
9744,1
11188,0
5926,0
5831,1
9794,1
8117,1
1389,0
3590,1
5323,0
12196,1
13202,0
10527,1
12373,0
10095,0
7976,1
4480,0
991,1
8260,1
550,1
1038,1
3298,1
4660,0
14080,1
6197,0
7546,1
8410,1
1266,0
9366,0
11090,1
9474,1
11654,1
3639,1
12541,0
1541,0
6805,0
8507,1
4083,1
39,1
1951,0
1663,0
8588,1
7934,0
11357,0
8888,0
4952,1
8826,1
6052,0
2697,1
12577,1
4672,0
588,0
10037,0
5013,0
9528,1
3464,1
5671,0
4107,0
6743,1
3684,0
2750,0
11008,0
12920,1
13819,1
1066,0
1402,0
11360,0
4974,0
1725,1
12929,0
6337,0
5953,1
4571,0
7841,1
14134,1
890,0
9550,1
11780,1
608,0
9395,1
4638,1
7557,0
2836,1
11329,0
3247,0
10589,0
2663,1
2050,1
3825,1
1261,0
526,1
10760,1
12830,1
6763,0
303,0
4910,0
5004,0
13267,1
3004,0
3326,0
482,0
8297,0
11380,1
6804,1
10339,1
875,0
1909,1
6157,0
12240,0
1059,1
11274,1
8683,0
461,0
3969,1
12924,0
3610,0
7404,1
10078,1
7635,1
3060,0
11727,0
1262,0
10281,0
5041,1
12463,0
4325,0
8354,0
6698,1
3809,0
8893,0
811,0
7765,0
12609,1
12721,1
2487,0
3604,0
4227,0
6450,1
12948,0
4230,0
521,1
6473,0
12974,0
3221,1
7745,1
7959,0
13253,0
8633,0
709,1
11233,0
3320,1
9967,1
214,1
7442,0
10548,0
9847,0
10007,1
8651,1
13230,1
19,0
5057,0
1182,1
3417,1
11878,1
9965,0
10041,0
8138,1
6894,1
7127,0
2891,1
8042,0
11935,1
406,0
8809,0
1495,0
2530,0
4977,0
7595,1
10732,1
2303,0
8294,0
11838,0
2462,0
10739,0
3369,0
2695,0
2845,1
6279,0
10616,1
3761,0
1410,1
3087,1
10766,1
9936,0
10673,1
4979,0
4588,0
2929,1
594,1
9410,0
9021,0
9274,1
11063,0
8243,0
10816,0
10473,1
8866,0
4435,0
8304,1
5578,0
6,0
1370,0
10879,0
3152,1
3451,1
2366,0
1765,1
6913,1
8916,1
14205,0
9406,1
1386,0
7905,0
12167,1
7545,1
13871,1
2144,1
11060,1
397,1
5636,0
14030,0
4904,0
2735,0
3983,0
14072,1
7113,0
3452,0
9618,0
6346,0
540,0
3048,1
950,0
8550,0
10746,1
7195,0
7187,1
5390,0
13544,1
7033,1
1518,1
4200,0
8999,0
9045,0
3927,1
1207,0
8790,1
5824,0
9060,0
12456,0
8214,0
9178,0
7695,0
14127,0
9923,1
8348,0
2483,0
9170,0
4855,0
6024,1
4798,0
10300,0
12587,0
3332,1
6040,0
3768,0
3694,0
5104,1
3284,0
2339,1
13480,1
7805,0
13558,1
6911,1
9812,0
7331,0
6930,1
2354,1
5842,0
13880,0
12175,0
5856,1
13830,1
5128,1
4360,1
13120,0
2621,1
2969,1
13566,1
5142,1
10883,0
12275,1
7544,1
11724,1
12255,0
544,1
4515,0
3400,0
12845,0
9290,0
13031,1
13167,1
4306,0
1263,0
7498,0
13936,1
5859,1
11326,1
8484,1
686,0
12947,0
2896,1
12361,0
9452,1
13785,0
12659,0
5208,1
11531,0
2368,1
6169,1
12067,1
5111,1
6775,0
3037,0
9610,1
12339,1
5396,0
11538,0
623,1
13846,0
5155,1
9344,1
7809,0
1472,0
12560,1
12327,1
2513,0
10170,0
7177,1
11388,0
8227,0
2874,1
760,0
6863,1
4316,1
2431,1
7413,1
5094,0
620,1
8608,1
4704,0
1724,0
735,0
11791,0
13496,1
11309,1
2972,0
10192,1
8043,0
10643,1
12301,1
8669,1
2079,1
8745,0
354,1
13163,0
787,0
12893,0
13797,0
6527,0
4337,0
2588,1
12362,0
10377,1
762,0
176,0
10171,1
13888,0
3569,1
6323,0
12728,1
6952,0
6647,0
6123,0
5189,0
3643,1
12284,0
11005,0
13108,0
10532,1
95,0
2580,0
7440,0
12231,0
6878,0
5746,1
1675,1
5914,1
13261,0
5809,0
11375,0
11471,0
8874,0
865,0
4881,0
462,1
12059,0
8845,1
7731,0
12796,0
13224,0
9205,1
13812,1
9931,0
4248,0
4728,1
13868,1
8162,1
9908,0
12811,1
914,1
4225,0
2145,1
8510,1
1886,1
1332,0
3857,0
1442,0
4457,0
14206,0
11088,1
10336,1
4289,1
3291,1
4159,1
4408,0
2058,1
2726,0
317,1
9408,1
11289,0
13896,0
7623,1
13514,1
10018,1
6435,0
3956,0
4523,0
1542,1
3626,1
3624,1
13588,0
1679,0
3469,1
444,1
1474,1
8341,0
11213,1
10885,1
13118,0
2436,0
7447,0
2788,1
4963,0
7242,0
5114,1
129,1
11003,1
12384,1
4738,1
12375,1
6871,0
2276,0
8534,1
9057,1
7383,1
9242,1
8598,0
8503,1
5019,1
9413,1
11672,0
3478,0
11473,1
6624,1
7218,0
8628,1
8039,0
7181,0
6449,1
13704,1
386,0
14208,1
926,0
13183,1
11601,0
1110,1
10780,0
1430,1
4587,0
3358,1
4532,1
9839,0
9349,0
2751,1
7057,0
10555,0
2765,0
6291,0
8793,1
8468,1
1467,0
13382,1
9957,0
3039,0
7291,0
12047,0
11984,0
7015,0
5844,0
11290,1
5141,1
814,0
2833,1
13546,1
1684,0
10436,0
7909,0
8158,0
13592,1
9185,1
6572,0
8513,0
5536,1
5863,0
1769,0
8276,1
8564,0
1702,1
13355,0
1969,0
13015,0
10361,1
4281,0
2378,0
5776,1
204,0
13574,0
688,1
7293,0
1318,0
12870,1
1226,1
8562,0
12852,1
14171,0
8069,1
3059,1
14077,1
1101,0
4326,0
1183,1
5205,0
66,0
8855,1
10298,1
5491,1
6908,0
5629,1
7792,1
1119,0
5344,1
7919,0
12003,0
8915,1
12758,1
9390,1
12074,1
4375,0
7151,1
11319,1
3277,0
300,0
6437,0
4355,1
7825,0
7225,0
12580,1
6238,1
3682,1
6177,1
14106,1
9996,1
7438,1
6790,1
2928,1
11853,1
11330,0
7164,0
7110,0
10238,1
2842,0
2858,0
6087,1
13059,1
12729,1
4982,0
6466,1
13071,1
7948,1
9636,0
6578,0
8779,0
5879,1
9018,0
13526,1
13440,1
3996,1
13983,1
1078,0
4415,0
8933,1
11818,0
3485,1
10414,1
6118,1
3339,1
7826,0
10715,0
13022,0
2012,0
951,0
1412,0
8879,1
4760,0
2280,0
9671,1
1974,1
4432,0
9740,1
10685,1
1113,0
2168,0
2934,0
8372,1
4140,0
12296,0
8285,0
8216,0
7847,1
10817,1
4828,0
722,0
6112,0
5767,1
6013,1
10174,1
534,0
10627,1
12895,1
9506,0
8863,0
9862,0
4666,0
9325,1
13553,1
6172,0
5232,1
3322,0
10770,1
111,0
14016,1
7066,1
5493,0
8692,0
5933,1
5932,0
3356,1
8990,1
10398,0
5197,1
4709,0
3259,0
279,1
5215,1
7831,0
4808,1
5241,0
10953,1
8961,0
3959,1
11402,1
11190,1
5779,1
5566,1
6140,0
6556,1
10569,1
9455,0
6285,0
4931,1
1154,1
1989,0
7803,0
10851,0
2914,0
10328,1
5650,1
3397,0
12790,0
4153,0
9646,0
14086,1
9405,0
12094,0
10492,0
7681,1
13650,1
7645,0
1104,1
12143,0
1603,1
7562,1
14247,1
6834,0
10151,1
8002,1
5247,1
4088,1
7336,1
8803,0
13939,1
5367,0
901,1
2807,0
13143,0
7751,0
2755,1
5038,1
11442,1
6428,1
1637,1
9983,0
7031,1
3229,0
3727,1
4357,1
10625,0
6039,0
543,0
10988,0
9125,0
7516,1
1225,1
12822,0
9711,1
5956,0
691,1
337,1
13999,1
1857,0
12762,0
12788,1
6214,1
5875,1
3656,0
3510,1
7608,1
10980,0
8418,1
7277,1
2405,1
2752,1
9226,0
8195,1
701,0
2251,1
8278,1
9904,1
755,1
4883,0
520,1
759,0
790,0
6092,0
11129,1
9414,1
13337,1
7030,0
8667,1
1216,0
6083,0
5435,1
9829,0
375,0
3205,0
4001,1
5391,0
3307,1
9429,1
4296,0
9509,0
5430,1
2989,1
1304,1
12418,0
10099,0
1562,1
2952,0
2980,1
7166,0
4292,0
3868,0
9012,1
11006,1
6595,1
6312,0
6174,0
4555,0
10790,1
9728,1
11925,0
998,0
1199,0
5399,1
7778,1
2315,0
1067,1
2224,0
11820,1
6446,0
8432,1
10193,0
4049,0
13513,0
152,1
8852,1
7230,0
13685,0
3933,0
3918,1
582,0
10284,1
11146,0
11647,1
13921,1
10783,1
11241,0
976,1
13517,0
13194,0
10735,0
4616,1
2658,0
6457,0
13823,0
9367,1
9333,0
7342,1
13877,1
6511,1
10781,1
1559,0
1852,1
7910,1
4670,0
2441,0
5133,0
7733,0
5938,0
16,0
10782,0
8988,1
4903,0
1614,1
2170,1
12734,1
11243,1
1897,0
10956,0
1427,1
8387,1
4614,1
9128,1
9110,1
13977,0
6893,1
2877,1
160,1
10839,0
4004,1
11026,0
7964,0
7990,1
3991,1
12017,0
1189,0
13547,1
6153,0
10272,1
2665,1
7096,1
1018,1
1661,0
8204,1
11108,0
1786,0
1431,1
8371,0
7140,0
1223,1
9396,1
1208,0
415,0
13105,0
9126,0
13057,1
1946,0
8694,1
13342,0
2639,1
3707,1
3692,1
5621,1
9376,0
6062,0
14028,1
11510,0
6190,1
3498,1
9036,0
9586,0
8966,0
1450,0
13778,1
3737,0
2200,1
12912,0
7587,1
3072,0
7683,0
862,1
4284,1
8134,1
10914,1
11656,1
11859,1
1716,0
12410,1
11269,1
12086,1
4853,1
2216,0
47,1
10352,0
14040,0
11286,0
11917,0
12538,0
12479,1
4826,1
12657,1
14144,1
14120,0
6567,0
1151,1
1307,1
4000,1
13461,0
13367,0
5727,0
1008,0
9616,1
7583,1
3907,0
10144,1
2808,1
11576,1
3413,0
2977,1
1120,1
2102,0
5364,0
10718,1
4210,1
11891,0
13709,1
11192,1
908,1
13494,1
11670,0
8810,0
4226,0
10795,1
12270,0
7721,1
174,1
8156,0
2356,0
8671,1
13790,1
2382,1
13469,1
1212,0
7538,0
2840,1
13296,0
9546,0
12888,0
1601,1
8010,1
1291,1
10848,1
8191,1
4544,0
9059,0
11435,1
14063,1
9091,1
4376,0
14112,1
12704,1
13112,0
8251,0
8818,0
2516,0
9535,1
7308,1
14068,0
4031,1
8565,1
3169,1
6189,0
2648,1
8323,0
3689,1
13456,0
7343,1
3323,1
3197,0
3287,0
5573,0
676,1
5486,0
80,0
12442,0
2272,0
3644,0
3236,0
9527,0
4878,0
9704,1
7967,1
13326,0
1166,1
3883,0
2124,0
11641,0
13083,0
12755,1
7339,1
5245,0
6084,0
6633,1
999,0
7325,1
7231,1
1173,1
3657,0
7652,0
4783,0
139,1
8509,1
6828,0
12999,1
10731,1
5052,0
13663,0
11621,0
9330,0
1258,1
11715,1
13445,1
10628,1
3873,0
2743,1
3185,1
7469,0
12306,1
12821,1
10724,0
9225,0
10607,1
861,1
54,0
8078,0
1998,0
5899,0
6934,0
5838,0
8351,0
10140,1
2690,0
4429,1
12079,0
7913,1
13777,1
2293,0
9631,1
2883,1
341,0
3620,1
11160,0
4945,1
9913,0
343,0
8225,1
1712,0
8595,0
7677,1
4757,0
2711,0
8771,1
1359,1
177,0
954,0
2291,0
13048,0
8493,1
12207,0
9517,1
2180,1
9107,1
597,1
12050,0
871,1
1041,0
9518,1
2835,1
603,0
260,0
9199,0
4622,1
10395,0
11771,1
5482,1
9144,0
10252,0
3932,1
4318,1
26,0
3373,0
4599,0
4176,0
11945,0
2391,1
7933,0
6301,0
5972,1
13900,1
6161,1
9113,0
8137,1
2267,1
9784,0
10681,0
1512,1
2624,0
346,1
12102,0
3648,0
1870,0
9309,0
11385,0
2287,1
4958,0
5389,1
6549,0
12743,1
4659,0
10725,0
3342,1
102,1
13516,1
9011,1
1590,0
3862,1
12642,0
13308,1
903,0
1028,1
9995,1
4885,0
5398,0
14217,1
8714,1
2127,1
7315,0
4769,1
11884,0
533,0
1001,1
5298,0
7013,0
12744,1
4358,0
7038,1
9337,0
6311,0
6709,0
8365,1
13473,1
13914,1
1605,1
2033,0
13234,1
11530,1
5672,0
13894,0
5091,1
11212,1
2438,1
4498,1
3738,1
7032,1
10437,0
10575,0
6423,0
3960,1
62,1
11557,1
368,0
8924,0
748,0
7867,1
9457,1
7232,1
8399,0
12562,0
2245,0
9259,0
5163,0
2261,1
859,0
1510,0
4758,0
5093,0
11729,0
1963,1
7455,1
1571,1
2678,0
11911,0
12844,0
7991,1
9693,1
9498,1
1755,0
9857,1
8199,0
5212,1
9439,1
10916,0
2742,0
5805,1
1917,0
738,0
10779,1
9669,0
11876,0
2838,1
12980,0
10998,0
3975,0
286,1
9897,1
4290,0
3501,1
9633,0
10237,0
10668,0
12280,0
6779,1
13222,1
10920,0
2437,1
3723,0
12564,0
952,0
8132,0
3486,0
10409,0
12005,0
8028,1
10858,0
9639,0
8427,1
12777,0
5919,0
12532,0
7361,1
8491,0
2713,0
2986,1
2645,1
10031,0
11956,1
6916,1
13328,1
1466,1
3365,0
8819,1
10659,0
10999,0
11995,1
7490,0
7328,0
8005,1
3915,1
2358,0
8089,1
11863,1
6785,1
11487,0
10282,0
6193,0
7257,0
2103,0
13905,1
5664,1
13677,1
7785,0
2370,0
12523,0
11089,1
9895,0
13006,0
2616,0
5551,1
9027,0
1017,1
9328,0
11014,0
4310,0
1204,0
2164,1
5943,1
5092,1
1667,1
186,0
8299,1
13130,1
9148,1
7350,0
11135,1
2863,0
9496,1
1478,0
7138,0
13841,1
12666,1
836,1
5351,0
894,1
1798,1
9049,1
12535,0
9580,0
12099,1
6979,0
14088,1
10996,1
9195,0
6078,0
13925,0
3188,1
11408,0
238,0
7374,1
7017,1
3075,0
1014,1
9441,0
295,0
4170,0
2343,1
9445,1
740,1
3129,1
7234,1
5015,0
7593,0
10032,0
10865,0
12396,1
6670,1
2945,0
2403,0
3633,0
479,0
2957,0
5897,0
9938,0
1441,0
7461,1
4601,1
12648,1
504,0
2082,0
1231,0
2531,1
3251,1
2541,1
4038,1
9287,1
2540,0
841,1
6132,1
7561,1
11847,1
808,1
10590,1
6348,1
5702,1
5524,1
8244,0
13207,0
7599,1
2416,1
4027,1
487,1
5029,0
11646,0
7640,0
1947,1
5260,0
10208,1
11483,0
8256,1
11293,1
13971,1
5813,0
6682,0
10552,0
3288,0
13948,1
964,1
6183,1
9355,1
11883,0
2026,1
3808,0
11110,0
1707,1
2773,0
9471,1
636,1
8705,0
3739,0
11367,0
11247,1
8701,1
6703,0
11695,1
11206,0
13109,0
9061,1
10134,0
2937,1
6592,0
12445,0
6340,1
11100,0
5531,0
9573,0
10749,0
1892,0
1087,0
1490,0
11158,0
921,0
1642,0
3043,0
195,1
10406,0
8116,0
757,1
14055,1
6925,1
5641,0
11732,0
9139,1
5700,1
5760,1
2789,0
3955,0
6201,0
6234,1
9411,0
8869,0
13671,1
149,0
5821,0
8454,1
10356,0
9969,0
955,0
4602,1
13686,1
878,1
11365,0
6388,0
7197,0
5558,0
7861,0
6990,0
10683,0
4634,1
12610,1
1576,1
2723,0
928,1
626,0
12998,0
1980,1
9797,1
13821,0
9838,1
12979,0
4980,0
10485,1
4753,1
7069,0
6897,0
3108,1
13622,1
8003,0
3821,1
12081,0
6782,0
12685,1
11383,1
9181,0
11372,1
8737,0
6482,1
13933,0
10632,0
4536,1
14123,1
4162,1
5014,1
9291,1
7092,0
12481,1
13019,1
14245,0
4779,0
12401,0
6684,1
13457,0
9346,1
3513,0
1131,0
6236,1
10118,1
8926,1
2388,1
6143,1
10776,0
13210,0
2182,1
7194,1
9898,0
7520,1
17,0
8506,0
1378,0
2063,0
4856,0
2128,1
3946,0
13859,0
975,1
5137,1
8192,0
3827,0
6545,0
210,0
2059,1
9523,1
3757,0
11504,0
9875,1
2818,0
13265,1
9024,0
9873,0
7295,0
13409,0
3327,0
783,1
4816,0
8305,1
817,0
8956,0
2297,0
5572,1
1714,1
5329,1
1049,1
9773,1
2876,1
11506,1
7287,1
4047,0
7584,1
12531,0
3711,0
8991,0
8579,1
6514,1
7193,0
12006,1
6692,0
8806,1
11916,1
8989,1
5384,1
7704,1
6060,1
13302,1
11489,1
13087,1
3850,0
9697,0
13781,1
9140,1
1203,1
11930,0
2601,0
11981,0
7060,0
10923,1
3588,0
11399,0
2174,1
1297,1
9842,0
7529,1
10060,0
562,0
13150,1
4486,0
13362,0
8639,1
4168,0
1339,0
13995,1
8539,1
3876,1
9593,1
10323,1
6385,0
12141,1
3475,1
4489,1
4396,0
2385,1
255,0
9994,1
11860,1
1244,1
7571,1
13986,1
7358,0
2319,0
3170,1
5363,0
8641,1
2454,0
1494,1
1810,1
11177,1
4895,1
12718,1
8615,0
10169,1
11661,0
8661,0
9368,1
9255,1
71,0
2408,0
3981,1
2927,0
5001,0
7613,1
8431,0
11167,1
1461,1
14128,1
1577,1
6909,1
5757,1
4526,1
13081,1
3748,1
969,0
13380,0
100,1
5677,1
388,1
13020,0
5330,0
13453,1
515,0
11662,1
12189,1
5410,0
10258,0
2560,0
9370,1
3074,1
13673,0
9825,0
5775,0
11901,0
156,1
5869,0
10072,1
14113,1
8467,1
5993,1
10070,0
13205,1
1509,0
5483,1
7310,0
1970,1
10096,1
9232,0
12322,0
3517,1
8659,0
13564,1
2558,0
395,0
13783,1
12475,0
11022,0
2314,1
5122,0
3666,0
2635,1
10247,0
6035,1
6997,0
13591,0
5613,1
11257,1
4023,0
11684,1
5002,1
9155,1
5043,1
11799,1
9084,0
13018,1
10550,0
9272,0
7079,0
3245,1
4436,0
4216,0
2948,0
14065,0
1271,0
7407,0
2806,1
7741,1
9666,0
12146,1
7145,0
12896,1
11368,0
8726,0
11415,0
2268,1
10592,0
7070,1
1977,1
13421,0
3661,0
8521,1
2993,0
4750,1
8587,0
13674,1
8112,0
11814,1
9856,1
12149,0
1599,0
6345,1
4944,1
9147,1
5451,0
3640,1
4763,1
3984,0
11485,1
1294,0
10351,1
10880,1
13911,1
1381,0
8600,0
3294,1
10702,0
12702,1
745,1
169,1
3337,1
1125,1
11805,1
648,1
13405,1
12881,1
5999,0
546,1
6338,0
2959,0
10313,0
4752,0
5611,1
8232,0
9547,0
8161,0
3366,1
233,0
9865,0
6367,0
13203,0
10092,0
3442,0
11450,1
3314,1
4161,0
13377,0
12367,0
9630,1
3839,0
1420,1
4928,0
4837,1
14200,0
7247,1
12398,1
10054,0
14018,1
8583,0
2681,0
12260,1
12754,0
12217,0
2740,0
1812,0
10868,0
9218,0
9176,0
8502,0
3836,1
9774,0
6469,1
13982,1
5896,0
7008,0
12809,0
10341,0
13142,0
13045,0
3362,0
2415,1
6701,0
13641,1
4203,1
11909,0
2173,1
4896,1
4681,0
9475,0
8907,1
4858,1
14182,1
6481,0
9339,1
3054,0
9491,0
6500,1
5030,0
11240,1
3009,0
5614,1
3031,0
13502,0
8498,1
7297,1
3987,1
7666,0
3916,0
4795,1
5310,0
4710,0
12622,0
14195,0
13559,1
3578,1
5744,1
3063,1
13413,0
1758,1
8363,1
130,1
10541,1
10290,0
3487,1
8471,0
3797,1
2472,0
3611,0
13361,1
14244,1
7053,0
455,1
11517,0
13631,0
2235,0
7501,1
3333,1
3699,0
8128,0
9708,1
11419,1
10958,0
7009,0
12325,0
552,1
2598,1
3719,1
752,1
363,1
4695,1
12116,1
3537,0
1334,1
3887,0
8123,0
13387,1
12432,1
13968,1
12633,1
3423,0
13998,1
726,0
3071,1
8382,0
5604,0
10912,0
1823,1
9914,0
1595,0
323,1
5882,1
13251,1
6406,1
8698,0
1855,0
5726,0
5289,0
13630,1
5839,1
2716,0
5230,0
8053,1
13094,0
8811,1
5627,1
13954,1
7807,1
12499,0
8268,0
11708,1
3702,0
5967,0
5825,0
11639,1
6266,1
12900,1
5563,0
75,0
3293,0
2043,1
7689,0
7026,0
2340,0
5788,1
4907,1
13761,1
4531,0
9510,1
9466,1
12873,0
381,0
13281,1
2779,0
1100,0
8426,1
9265,1
7866,0
5610,0
9775,1
7690,0
7105,1
13226,1
8013,0
2049,1
10974,0
10145,0
12286,0
1797,0
5734,1
7899,0
6359,1
6297,0
13794,1
9321,0
1079,1
10829,1
8623,1
12737,0
4137,0
2192,1
5978,0
7276,0
5227,1
7199,1
10232,1
13805,1
7877,1
9493,0
1865,0
8629,0
11283,0
13856,1
321,0
11858,0
5118,1
8060,0
8129,1
125,1
7068,1
10658,0
1265,0
11337,1
150,1
8238,0
10164,0
3792,1
8814,0
9098,0
10297,1
7564,0
13934,0
11877,1
6451,0
12080,1
5237,1
437,0
3828,1
7420,1
10366,1
6676,0
8950,0
5835,0
6353,1
5550,0
8951,1
11251,0
13749,0
4125,0
4564,0
137,0
13050,1
4405,0
9307,0
2270,1
10828,1
9184,1
3709,1
1006,0
12643,1
12732,0
7737,0
140,0
11748,1
246,1
3805,1
8092,1
4175,1
9833,0
6269,0
13753,1
10219,1
7077,0
12639,0
4211,0
5187,0
630,1
13654,1
11386,0
11532,1
10536,1
12210,1
13800,1
12975,0
12250,1
13406,1
9420,0
2024,0
13567,1
854,0
10342,0
10005,0
3777,0
6068,0
2234,1
4911,1
5191,1
11710,0
1074,1
2859,0
493,0
7670,1
1384,0
14041,1
10371,0
13974,1
14114,0
7853,1
1618,0
8668,0
6714,1
8367,0
11099,1
3894,0
5449,1
3778,1
1236,0
13255,0
1646,0
12133,0
6243,1
7657,1
8663,1
6015,0
3392,0
6064,0
8941,1
2069,0
10487,0
13260,1
10621,1
6967,0
5693,0
12093,1
10177,0
10740,0
2073,0
1544,1
3013,0
6872,0
10382,0
3368,0
6868,1
3090,1
4929,0
2118,1
1133,1
7651,0
9174,1
11396,1
559,0
12103,0
8152,0
11597,0
4042,0
2826,1
12534,1
11702,0
3773,0
4218,0
9183,1
532,0
956,1
13943,1
912,0
1941,0
5202,1
8684,0
5239,1
3153,0
12638,1
353,0
1132,1
10221,0
3645,0
11546,0
5752,0
349,1
3082,1
4411,1
3091,1
11913,0
11616,1
1114,0
13582,1
2241,0
1502,1
541,1
2547,1
13652,1
8489,0
9393,0
3638,0
5080,0
4311,1
2608,0
14125,1
13331,0
10127,0
6554,0
13842,1
2304,1
14087,1
10756,0
736,0
1424,0
3846,0
940,0
5312,0
13923,1
8292,1
4665,0
10105,0
12206,0
13426,1
10457,0
9245,1
12919,0
3147,0
12745,0
12827,1
93,1
11345,0
5941,0
5706,0
4063,0
3483,0
979,1
6812,1
3173,1
847,1
14225,1
4132,0
8884,1
8998,1
13392,1
2279,0
7439,0
6376,0
1031,0
7422,0
513,1
10743,0
5828,1
10890,1
10821,1
2873,0
9880,0
5462,0
12182,0
1718,1
2968,0
6351,0
8945,0
10263,0
2857,1
12218,0
6315,0
12913,0
5955,0
7627,1
5383,1
4126,1
9724,1
3047,0
1440,0
11406,0
8613,0
4814,1
4664,1
12990,1
11397,0
7756,0
4563,1
4969,0
7396,0
9503,0
10517,0
4717,0
2125,0
9443,0
2184,0
12137,0
10438,1
13335,1
8404,0
1647,0
7424,0
2996,0
7154,0
12168,0
14237,0
5275,1
1743,0
7256,0
5263,1
12243,0
9216,1
5538,0
8339,0
1241,0
2089,0
6380,0
12539,1
10856,1
366,0
6591,1
7930,0
11451,0
5273,1
12293,1
6729,1
1641,1
10172,1
6280,1
12576,0
13505,1
13947,0
924,1
1057,1
638,1
9154,1
7248,1
5129,0
7411,0
6760,1
9463,1
5025,0
13398,1
3543,0
9426,0
6712,0
13578,1
13341,0
4673,0
365,0
12386,1
1251,0
9062,0
8985,1
7734,0
12170,0
2901,0
12158,0
3394,1
13835,0
12628,1
4497,1
5921,1
12831,1
1811,1
3970,1
1130,1
12905,0
4811,0
10280,0
7282,0
3351,0
13311,1
3978,0
1157,1
9010,1
4117,1
3606,1
9984,1
14013,1
4932,1
11481,1
7391,0
13942,1
240,1
5443,0
9003,0
4323,0
4377,1
12073,0
9031,0
5007,0
5250,1
13737,0
11707,1
3216,1
11533,1
11205,1
1109,1
5683,1
2886,0
1368,1
12252,0
2001,1
12439,1
7812,1
7178,1
6293,0
6054,0
7603,1
4605,0
5545,1
8620,0
12478,0
7133,1
3408,0
7526,1
10262,1
7908,1
1411,1
4447,0
4095,1
1167,0
4737,0
5937,1
1042,1
7042,0
7049,1
9920,1
1902,0
12160,1
6493,0
10047,0
7782,1
7216,1
2257,1
13645,1
4232,1
13718,1
3466,0
13279,1
8946,1
2852,1
8756,1
2622,0
1883,0
2214,0
2053,1
13103,0
338,0
12983,0
12934,0
11061,1
12717,1
11887,0
13366,0
5362,1
12096,1
12840,0
5119,0
9196,0
12806,0
13648,0
10687,0
3925,0
12425,0
7772,0
8511,0
10135,1
11176,1
5962,1
7680,1
10270,1
11339,0
4762,0
3488,1
7190,0
8650,1
3998,0
13345,1
7047,0
3725,1
50,0
4530,1
10768,1
7871,1
13713,1
8831,0
3274,1
197,0
10106,1
2763,0
11036,1
10421,0
9690,0
10222,0
6365,0
13189,0
11249,0
8302,0
13512,0
10045,1
8957,1
7611,0
5846,1
6073,0
9526,1
4647,0
10897,0
4473,0
10006,0
3753,1
3272,1
1325,1
11593,1
1093,1
4658,1
3052,1
9247,0
13696,1
10523,0
3833,1
6245,0
13340,1
13008,1
7918,1
9755,1
6767,0
12689,1
10526,0
13489,0
9899,0
1827,1
12773,0
8312,0
1459,0
12365,0
6358,0
2353,1
7744,0
3641,0
7638,0
348,1
9385,1
7567,0
12969,1
7582,1
1369,1
11495,0
5271,1
874,0
10899,0
4143,1
8022,1
8264,0
11270,0
5047,0
5407,0
6029,0
1419,1
7694,0
12681,0
5168,0
14042,1
356,0
10626,1
5849,0
1044,0
4596,0
5527,0
1888,1
10213,1
13333,0
11007,1
1908,0
10950,1
6752,0
4019,0
2881,0
6262,1
11985,0
13612,1
7840,0
6391,1
11072,0
3081,0
7458,1
1628,0
3989,0
6452,0
1685,1
984,0
3837,0
7002,0
4501,0
13434,0
5135,0
11976,0
14142,0
11332,1
2821,1
7313,1
7475,0
329,0
7898,1
5262,0
10450,0
404,0
9874,1
12258,1
4589,1
12665,1
10455,1
2606,0
14053,0
12407,0
9165,1
7793,1
9700,1
665,1
8073,0
1656,0
11087,1
713,0
13005,1
7059,1
10514,1
5371,1
9200,0
12064,1
10207,0
2834,1
3660,1
1336,0
13539,0
9267,0
1034,0
12941,0
6774,1
6357,0
2171,1
11609,1
2738,1
9477,1
9736,1
11412,0
6971,1
3404,1
7643,0
7533,0
13536,1
4538,0
4892,0
7844,0
257,0
10968,0
490,1
6439,0
7371,1
12930,0
13596,1
6228,1
6566,0
10906,0
57,1
3911,0
10162,1
8656,1
1443,1
6631,1
11946,0
6540,0
12085,0
3421,1
2644,0
5425,1
9635,0
5660,1
7904,0
4445,1
10926,1
915,1
816,1
2060,1
13399,1
4656,0
9592,1
1868,1
8609,0
945,0
1598,0
4120,1
7676,0
45,1
1905,1
5692,0
10178,0
3652,1
6749,1
10332,1
9804,1
6532,0
12712,1
5234,0
8420,0
3195,0
4329,1
8679,1
11147,0
13637,1
3560,0
13284,1
202,0
11037,0
1224,0
9767,1
291,1
3099,1
12678,0
10543,0
7434,0
6750,1
7453,1
2160,1
4761,1
1763,1
2637,0
13657,0
6918,0
12169,1
11795,1
12049,1
12334,0
2956,1
1762,0
12923,1
519,0
12958,1
4627,1
8905,1
200,0
7711,0
4383,0
8773,1
4282,1
8450,0
2748,1
5543,1
153,1
14070,1
2236,0
11605,1
6912,0
6455,1
8076,1
7106,1
5599,0
2030,1
7523,0
1071,0
9163,1
11520,0
4690,1
3678,1
8168,0
13075,1
7629,1
3377,0
1805,0
5996,0
4446,1
12962,1
4113,0
7743,1
7872,1
2161,0
11298,1
9695,1
5003,1
6810,0
7082,0
10964,0
8545,1
1436,1
5072,0
13460,1
9816,0
12058,0
9902,1
8702,1
3168,0
13932,0
8332,0
10798,0
7727,1
13044,0
11175,0
13016,0
3300,0
5902,0
4463,1
12663,1
220,1
572,1
13283,1
967,0
6048,1
2797,1
5251,1
7854,0
7515,0
9023,1
3526,1
7072,0
13028,0
577,1
4241,0
83,0
7444,1
2077,1
9559,0
9231,0
8753,1
11691,0
8653,1
12199,0
9793,1
14056,0
724,0
10478,0
4884,0
7085,0
10120,1
7974,0
743,0
7522,0
11503,0
12176,0
917,1
8150,0
12358,1
8922,0
6478,0
11583,0
8948,0
2941,1
12441,0
8320,1
3945,1
4689,0
14015,0
4173,0
14132,0
359,0
7597,0
10587,1
6552,0
8791,0
11404,0
579,1
12772,1
2491,0
3424,0
10265,0
1063,0
1772,0
9153,1
741,0
11067,0
13215,1
6664,1
11127,0
367,0
6791,0
1400,1
2032,1
887,0
1295,1
1984,1
3717,1
6830,0
12342,0
7476,0
318,0
8125,0
1168,0
10357,1
13463,0
2346,0
8457,1
436,1
3701,0
8938,0
2097,1
10311,0
4703,0
8830,0
2107,0
1335,0
5794,1
2860,1
10759,1
4440,0
714,0
222,0
3720,1
7668,1
10815,0
4300,0
11604,1
7316,0
8516,0
974,0
2722,0
4764,0
2677,0
6025,1
8333,1
10940,0
4181,1
10818,0
5315,1
7449,0
1749,1
6223,1
6965,0
4621,0
8795,0
5979,0
6220,1
12649,1
610,0
11547,0
13719,1
12752,0
6509,0
8695,0
6842,0
10348,0
12411,0
12614,1
1853,0
8540,1
7000,0
11928,0
7233,1
3695,0
957,0
1540,1
12771,0
12022,1
9851,0
7989,0
624,1
4744,0
12725,1
5079,1
14074,1
1209,0
8061,0
11607,0
7365,1
11703,0
237,0
13720,1
6150,1
6373,1
13013,0
7441,0
5801,1
12670,0
3187,1
1665,1
10736,0
10259,0
5857,1
5293,0
6347,0
9826,1
6883,1
1032,0
8634,1
4946,0
3041,0
7111,1
13858,1
10720,1
5529,1
10157,1
7430,0
10910,0
7382,0
7632,1
747,0
4806,0
554,0
7466,0
8059,0
2090,0
12613,0
13217,1
10113,0
8485,1
3775,0
5095,1
7685,1
14023,1
10547,0
7614,0
12242,0
11379,0
3104,1
8604,0
9430,0
5925,1
13356,0
5440,0
9117,0
14035,0
3855,1
2600,0
13115,0
3238,1
2131,0
4505,0
9013,0
9762,0
8965,0
3304,0
5634,0
5126,1
2567,1
7845,1
5283,1
9137,0
13078,0
4171,0
5374,1
7646,0
1240,1
7729,1
13822,0
6114,0
14242,0
5695,0
10435,1
7503,1
212,0
1994,1
3650,0
9584,0
885,0
14091,1
13127,0
77,0
14155,1
14197,1
9294,0
10453,1
1881,1
11834,1
4880,1
8844,1
4527,1
5235,1
1950,0
10564,1
315,1
2938,0
1591,1
6673,0
12472,1
7179,1
8497,1
8670,0
4861,0
10108,0
116,0
9284,1
7849,1
7067,1
8027,1
10892,0
12599,1
7884,0
11041,0
8788,0
12765,1
7944,1
13571,0
277,1
7575,0
3146,0
3536,0
10837,1
1326,0
5554,0
11613,0
4322,0
5667,1
10528,1
10203,1
13498,0
10442,0
4443,0
2435,0
9301,1
10995,0
14078,1
6044,1
8119,0
383,1
7801,1
6989,0
3557,0
12011,1
7433,0
6666,1
1493,1
6237,1
5682,0
10714,1
5162,0
12147,1
7846,1
13177,1
7298,0
4590,1
12024,1
7238,1
4957,1
9668,1
1190,1
4474,0
8768,1
1254,1
14209,1
5960,1
13462,1
11131,0
9903,0
14186,1
3580,0
5755,1
9345,1
7881,1
1820,0
6300,0
1955,0
8801,0
9182,1
5378,1
4514,0
1731,1
798,0
9884,0
7722,1
1861,0
14085,0
8906,0
5101,0
522,1
2215,0
4657,0
1250,0
11180,0
702,0
4362,1
1735,0
8774,1
677,0
9688,0
6922,1
12390,1
5424,0
5713,0
6597,0
10276,1
128,1
1155,0
4418,0
3,0
11737,1
8673,0
112,1
5497,0
2223,1
1842,1
5055,1
5379,0
12448,0
9738,0
1722,0
5192,0
9081,0
1088,0
6021,0
5400,1
3866,1
3615,0
3731,0
1981,0
6796,1
8755,1
4468,0
2015,1
5049,1
2055,0
14191,1
11744,0
2892,0
64,0
5112,0
3598,1
11711,0
13271,0
4804,0
9377,1
1517,0
6945,1
3747,0
6248,1
12083,0
2745,0
868,1
10401,1
6127,1
8593,0
14158,1
441,0
1666,1
7045,0
5907,1
1766,1
9172,1
10153,1
9132,0
7025,1
7797,0
13931,1
5388,1
9383,1
6294,0
8887,1
7335,1
8058,0
3995,0
5562,0
2019,0
3080,1
2990,0
6957,0
12264,1
7924,0
7586,1
9356,1
8939,0
681,0
3046,1
10812,0
13683,1
11248,0
2499,1
2078,0
8722,1
10114,1
2423,0
2006,1
1403,0
4683,1
11855,0
13965,1
13575,0
2917,0
8470,0
1010,0
4594,0
5140,0
7901,1
8289,0
9293,1
8772,1
9992,1
1393,0
1912,1
7768,0
13658,1
12438,0
4901,0
7938,0
3199,0
10326,0
8483,1
4781,1
3630,1
1330,0
495,0
3714,0
10634,1
4351,1
5267,1
4123,0
11333,0
6747,1
12848,0
11974,0
7228,0
12687,1
11569,1
2188,1
11869,0
7206,0
371,0
3145,0
7226,0
5246,1
6216,1
12516,0
11050,0
768,0
12766,0
2052,1
6319,0
3194,0
1288,1
13964,1
2325,0
2792,1
9771,0
6204,0
11202,1
13441,0
7588,1
634,0
6864,0
4688,1
9844,0
14107,0
7035,0
10086,1
7414,0
11579,1
13181,0
3012,0
10857,1
9096,1
2985,0
3020,0
7550,0
4193,0
10561,0
3329,0
12949,1
9949,0
2456,1
9173,1
831,0
12193,1
4110,0
3183,0
7759,1
8995,1
3315,1
4618,0
4909,1
7960,0
8757,0
11454,1
4567,0
5475,1
4331,1
1997,1
8649,0
11229,0
11749,1
9552,0
13569,1
2336,1
6006,0
8139,1
13475,0
13218,0
11906,0
2633,0
11428,0
11850,1
10690,0
9079,0
9083,1
658,1
7244,0
1011,0
12741,1
1143,0
13275,1
3022,1
9676,0
13806,1
10306,0
3456,1
8266,1
6008,0
2038,1
208,1
13693,1
6159,0
5016,0
2523,1
92,0
5631,0
13985,0
3061,0
14199,1
4939,1
13319,0
12783,1
5353,0
6194,1
1444,0
5147,1
12036,1
6728,0
13129,0
12542,1
3759,1
7427,0
11305,0
13307,0
8908,1
1932,1
10810,0
3798,0
3271,1
13915,1
11508,1
2503,0
11434,0
1891,0
10515,0
8231,0
12033,0
10887,0
4280,1
230,1
2879,0
6276,1
11665,0
10010,0
1242,1
13872,1
10206,0
7519,1
9224,0
9392,1
12812,0
3355,1
225,1
9375,0
7713,0
6621,0
4382,1
4243,1
9141,1
9972,1
2550,0
6002,0
3220,0
8172,0
13289,0
180,1
9941,0
13902,1
14044,1
5231,0
414,1
11226,0
5699,0
12889,1
9827,1
11062,0
12764,0
4115,0
13273,0
4410,0
9169,0
7288,1
6187,1
4400,0
4291,1
7055,0
8635,1
3958,1
14198,1
7451,0
4784,0
7862,1
4500,1
5521,1
13521,1
11831,0
13272,0
7496,1
12770,1
11029,0
261,0
14084,1
930,1
4519,0
8751,0
11433,1
51,0
3971,1
5950,0
4633,0
4941,1
2585,0
4417,0
11457,0
12004,0
3917,1
11334,0
3535,0
1516,0
4294,0
8896,0
7827,1
2099,0
4943,0
8038,1
5701,0
6507,0
10997,0
12352,1
5829,0
6479,1
1995,0
4012,1
12417,1
11826,0
3113,0
10278,1
9256,0
1134,1
12389,0
6028,1
12450,0
11077,1
3395,0
10784,0
7507,0
4836,0
3324,0
6516,0
10211,0
5317,0
1364,1
11456,0
12818,1
7675,0
7789,0
5333,0
9431,0
828,1
6366,1
10562,1
7022,1
10833,0
2341,0
7998,1
10878,0
6923,0
9763,1
13351,1
4617,1
2424,0
7714,0
5342,0
8607,0
11155,0
8390,0
1283,0
11394,0
11069,0
11445,1
12120,0
13809,1
11990,0
5995,0
6154,1
10,0
8283,1
7061,0
13259,1
11931,0
10753,1
1462,0
1689,0
8696,0
13676,1
5537,1
7165,0
13511,0
2442,0
2096,0
13978,1
9919,1
13373,1
7122,0
9360,1
13816,0
8865,1
9348,0
12467,0
10608,0
1058,0
6179,0
1445,0
7253,0
13543,1
10655,1
13444,0
14176,1
10500,1
5186,0
7888,1
7258,0
2506,1
8898,1
5917,1
12159,1
5911,0
2744,1
6494,0
3851,0
3544,1
3786,0
11453,0
2688,1
5320,1
9545,1
8449,1
7790,1
6239,1
10012,1
12985,0
2674,0
8209,0
2610,1
893,1
13991,0
13784,1
12696,1
5381,0
1084,0
727,1
8124,0
12557,1
7873,0
7762,0
12338,0
9940,0
3585,1
4724,0
1245,0
10486,1
14141,1
642,1
11807,1
14248,1
9968,1
8682,0
1588,1
10175,0
11881,1
8647,0
10303,0
1153,1
8723,0
7320,1
1709,1
12834,0
4352,1
9136,0
9209,0
3378,1
6814,1
10236,0
10662,1
8912,0
12119,0
10825,1
13023,1
9462,1
3546,0
9190,0
13680,1
1048,1
1082,0
12508,1
10327,0
3261,0
6465,0
13508,1
6020,1
8911,1
12645,0
7784,1
8205,1
6288,1
9664,1
6758,1
8223,1
11356,0
12578,0
2355,0
12104,0
4267,0
9164,0
5900,0
1200,1
4547,1
8568,0
9961,1
10660,0
6746,0
3065,1
9585,1
377,1
13291,0
4327,0
2509,0
13235,0
2295,0
13950,1
12266,1
8508,1
6256,0
10827,0
2882,1
13039,1
10461,0
9667,0
918,0
8021,0
9956,0
13209,1
4178,0
9444,0
5603,0
3530,0
794,0
9026,0
9253,0
2958,1
11020,0
1301,1
10518,0
11172,0
7189,1
3842,1
9539,0
3267,0
14073,1
1506,1
13865,1
8976,0
11230,1
11461,1
11225,1
10577,0
8361,0
2231,1
5339,1
12118,0
3335,0
12028,0
9927,1
9281,0
326,1
7158,0
12353,0
4130,0
11373,1
8980,0
947,1
9805,1
5588,1
12699,0
3454,1
7224,0
7753,0
13066,1
895,0
13688,0
1414,1
1357,0
1584,0
12957,0
5750,0
1664,0
10869,0
1351,0
1860,0
7214,0
2731,1
8971,0
9691,1
4015,0
218,1
5867,1
7065,0
4086,1
8657,0
5647,0
5717,0
13268,0
7116,0
13192,1
13903,1
13390,0
10670,1
1284,0
3992,0
2183,0
12625,0
6462,1
2372,0
10855,0
94,0
10189,1
13973,0
6882,1
10149,0
439,1
586,0
4008,1
1840,0
2301,0
361,0
5630,1
934,0
641,1
74,1
1220,0
8959,0
8081,0
3790,0
12276,0
6577,0
419,0
5376,1
9340,0
6903,1
6098,1
8101,0
10053,0
13220,1
2256,1
3730,0
1012,0
11024,1
5180,0
6460,1
6436,0
9495,0
8316,1
4455,0
772,0
3667,0
2759,1
8327,1
421,0
11197,1
776,1
9030,0
6233,1
13396,0
3467,1
2091,1
2035,0
9099,0
13961,0
6551,1
9911,0
411,0
6594,0
9073,0
6051,0
4739,1
5591,0
7076,0
9384,0
5570,0
4920,1
4402,0
753,0
853,1
2202,1
12640,0
7864,0
7270,1
12406,1
3608,0
13639,0
8740,1
4421,0
10380,1
398,0
269,0
7262,0
4379,1
3470,1
5518,0
4624,0
3781,0
5903,1
6838,1
12359,1
9389,0
8111,0
8084,0
12802,1
3295,0
4970,1
3103,1
14216,1
10708,0
6693,1
8120,1
4478,1
720,1
1214,1
2087,0
866,0
7600,1
2758,1
8821,1
8338,1
4250,0
10499,0
6049,0
11572,1
3804,1
13160,0
2880,0
11422,0
8394,1
1630,1
737,0
12449,0
6101,0
6308,0
6192,0
13893,0
14230,1
4697,0
13447,0
2010,0
1156,1
3415,0
14211,1
9524,1
4313,1
5607,1
11671,0
1796,1
11313,1
6080,0
1530,1
11281,1
7838,0
3056,0
13801,1
6086,0
3230,0
10994,1
1504,1
8182,0
6581,1
13535,1
8983,0
8876,0
6656,1
1957,1
4693,0
1514,1
14163,0
3064,1
8860,0
12233,0
148,0
10700,0
8430,0
2628,0
3879,0
5845,0
8488,0
11961,1
8885,0
545,0
8415,0
4494,0
11312,0
4933,1
10769,0
4091,1
8910,1
8802,0
6105,1
6900,0
14119,1
1670,1
7384,1
4475,0
9381,0
4584,0
9620,0
6284,1
581,1
14121,0
1801,1
13884,1
2841,1
8229,0
12221,0
3795,0
3029,1
11574,0
4897,0
331,1
2736,0
3930,0
2014,0
10062,0
14046,0
5195,0
6619,1
9331,0
11915,1
11193,0
668,0
3515,0
4385,0
12023,1
6611,1
10365,0
5658,0
7742,0
12750,0
2218,1
6176,1
10808,0
9890,0
6379,1
287,1
4437,0
5939,0
13634,1
10588,0
784,0
5986,1
557,0
4851,0
7040,1
8146,1
12955,1
11140,1
2565,0
6683,0
11842,0
12387,0
9781,1
5729,0
9605,0
10924,0
6310,0
879,0
7835,1
13579,1
5345,0
2803,0
12200,0
1205,0
2768,1
4039,0
11897,0
797,1
3050,0
6096,0
12183,1
10394,1
1851,1
6538,0
10907,1
2165,1
2655,0
8982,1
6905,1
8743,0
12014,0
12976,0
8899,1
12855,1
10498,1
5697,0
13928,1
6622,1
1347,1
8895,1
276,1
9254,1
12799,1
2649,0
7073,1
497,1
9810,0
9642,0
6342,1
3593,1
2555,0
4102,0
117,0
5185,1
13172,0
7596,0
3764,0
4219,1
11126,0
13563,0
1158,1
9751,1
4321,1
11074,1
7021,0
8716,0
10699,0
5596,0
5069,1
2259,0
12693,0
3864,0
12611,0
9915,1
13742,1
8577,1
14140,0
14130,1
7783,1
97,1
835,0
7939,1
708,1
11903,1
4182,1
263,0
8267,0
13926,1
9499,0
13814,0
6740,1
1372,0
8927,0
10403,0
675,1
12370,0
3679,0
3410,0
4401,0
1566,1
9650,0
1616,1
11203,0
10209,0
6522,1
4488,0
6843,0
4949,1
6283,0
3019,0
8055,0
4167,1
1013,0
3680,1
11469,1
10112,0
10952,0
11726,0
6180,0
3280,0
11091,1
10271,0
2643,0
5560,1
12239,0
11967,1
6235,1
13147,1
2538,1
3891,1
1387,1
5176,0
6417,1
5496,0
10838,1
7612,0
13278,0
14003,1
10133,1
1099,1
3972,1
13990,1
9285,0
13863,1
12060,1
1064,0
13684,1
4345,0
7326,1
4034,1
4082,1
8422,0
731,1
3743,0
12034,1
8665,1
11630,0
4790,1
4863,1
5352,1
3393,0
9803,0
11658,0
537,1
1349,1
10584,1
3425,0
9845,0
7278,1
4879,0
6523,0
1754,0
464,0
14050,1
5645,0
58,0
9101,1
2451,1
8153,0
2004,0
6993,1
4740,0
1833,1
5898,1
11300,1
14102,0
11894,0
6580,1
5102,0
8936,0
3531,1
12940,1
9850,1
6938,1
5552,0
11600,0
11320,0
10334,1
1348,1
13153,0
494,1
11802,0
3788,1
2121,0
8095,0
12857,0
14103,0
7518,0
774,0
9987,0
1843,1
13467,0
8083,0
8824,0
1023,1
4682,0
13370,0
10003,1
5027,1
10420,0
59,1
7715,1
9469,0
4968,0
3799,0
10870,1
10039,0
4096,0
3049,1
7300,0
6675,0
6644,0
11421,0
7832,1
9210,1
1179,0
5145,1
5762,1
6339,1
8220,0
1910,0
4165,1
4699,1
13197,1
12408,1
4183,0
13883,1
4842,1
3350,1
9893,1
5783,0
2995,0
3208,1
3176,0
11410,0
11427,0
7931,1
8391,0
2520,0
6745,0
10520,0
11993,0
7007,1
2867,1
12581,1
4803,0
8114,1
507,0
7815,1
4145,0
990,1
8096,0
10908,0
10302,1
11582,0
6822,1
5601,0
4238,1
1907,0
15,1
3965,1
744,0
10576,0
6184,1
11152,0
12349,0
1895,1
7364,0
12617,1
602,1
10572,1
7851,0
3938,1
8024,0
2684,1
13100,0
8928,0
10835,0
12826,1
6902,0
1971,1
5065,1
6914,1
5800,0
7673,0
13769,1
1033,1
3502,0
3172,1
6915,0
9840,1
6671,0
12935,0
2615,1
6198,1
2864,0
7196,1
9000,1
7665,0
4694,0
10787,0
2982,0
972,1
6011,0
9989,1
2683,0
4545,1
6518,1
10254,0
13603,0
9215,0
5106,0
5565,0
3468,1
12894,1
932,1
3865,0
7217,0
4189,0
805,0
12016,0
9401,0
13946,1
5236,1
2492,0
3696,0
3325,1
8871,0
1070,0
11933,1
3547,1
14032,1
3068,0
7775,0
8847,0
1470,0
7977,1
11570,0
1097,0
13501,1
2206,1
13472,1
9737,0
10919,1
6182,1
12435,1
14069,1
4223,1
8009,0
11854,0
9916,1
8379,1
5450,1
2926,1
6851,1
7808,0
7766,1
754,1
8145,1
7570,1
13541,1
11816,1
13221,1
3381,0
6715,0
14172,0
9835,1
8148,1
3735,1
7406,0
7528,1
7855,1
7601,1
11148,1
12768,1
5296,0
14010,1
12620,0
6660,1
4829,0
3434,1
1753,1
11109,0
527,1
13219,0
2410,0
1548,0
5331,1
4187,0
2950,1
4208,1
8085,1
4934,1
9575,0
14060,1
6395,0
11797,0
5169,0
13635,0
10048,0
6754,1
9710,1
227,0
1218,1
7006,0
9660,0
7418,1
13882,1
3729,0
8074,1
6458,1
10064,1
8964,1
3237,1
12180,0
8147,1
9208,0
228,0
12662,0
11559,0
5086,0
13076,0
2427,0
7124,0
10299,0
3605,1
8273,0
3567,0
12887,1
9047,1
2084,1
6579,1
3756,1
1579,1
11632,0
199,0
8993,1
1699,1
9565,1
4428,1
5715,0
4303,1
1692,1
7500,1
822,0
2799,1
11882,1
946,1
7816,1
1323,0
8486,0
8849,1
923,1
244,1
11498,1
6658,1
9055,1
235,1
10730,1
12234,1
9540,1
5642,1
10738,0
7208,0
6667,0
6590,0
6593,0
1029,0
10814,0
6489,0
6886,0
13117,0
655,0
379,0
11680,0
132,1
5368,0
469,1
8186,0
7393,1
9759,1
3431,0
1015,0
12736,1
587,1
11624,0
4451,1
4287,0
11125,0
12778,1
13168,1
7917,0
3603,1
995,1
8535,0
8184,0
5021,1
6889,1
12224,1
9922,0
10373,0
428,0
13503,0
6921,1
12136,1
13681,0
9532,1
7144,1
2226,1
1232,0
301,0
6512,1
11245,0
1914,1
9112,0
8707,0
3691,1
5341,0
14071,0
2669,0
8102,1
7870,0
9652,1
1117,0
3841,1
3816,0
7292,0
13970,0
9151,0
2360,0
7664,1
8474,0
5858,0
12825,1
3201,0
6402,1
2092,0
3751,0
12154,0
13046,1
13027,1
10029,1
1807,1
11117,0
12380,1
10199,1
3443,1
12817,1
568,0
9945,0
14131,1
11657,0
858,1
13030,0
6252,0
7014,0
1249,1
8733,0
13651,1
1479,1
3389,0
1710,0
4778,1
1345,0
6468,0
13623,1
6383,1
8183,1
10422,1
4412,0
3920,0
5010,0
5873,0
2651,1
3559,0
5034,1
8249,0
3774,0
3225,0
8850,1
10466,0
1026,1
9286,1
12767,1
12030,1
7173,1
9879,1
14029,1
660,1
3835,0
2296,1
12304,0
1787,0
9985,1
13549,0
5523,0
292,0
9877,0
6055,0
3637,0
5597,1
5032,1
8944,0
12903,0
9080,0
5716,0
7054,0
7281,0
1593,0
5182,0
4105,0
7445,0
2374,0
5679,0
11924,1
8992,0
167,0
2772,1
9776,1
217,1
10024,0
9002,0
13599,1
4971,0
11750,0
2190,0
8045,1
5183,0
1686,0
10220,0
10347,0
10540,1
1069,0
13861,1
3301,1
3159,0
9488,1
3493,0
10873,1
11922,0
7936,0
10551,1
433,1
7477,0
296,0
6483,1
14146,1
9595,1
3913,0
758,0
7951,0
5415,0
5254,0
13074,0
6471,1
405,0
13776,1
8270,0
12836,0
9262,0
1536,1
6840,1
5130,1
11765,1
11015,1
1170,0
5219,0
5159,0
5548,0
10972,0
7141,0
5420,1
5373,0
4839,0
2988,0
5759,1
2262,0
4620,1
1453,0
9207,1
14011,1
1090,0
9662,0
10176,0
3313,0
6788,1
10474,1
9289,0
8057,1
158,1
1122,0
2037,1
8401,0
4650,0
11040,1
2178,0
8211,1
14192,0
12471,1
5737,0
5732,0
5881,0
13887,0
5397,0
11184,0
13780,1
4662,1
9175,0
5056,0
6069,1
1,0
13562,1
11201,0
1940,0
11669,1
11625,0
10019,1
6349,0
2332,1
7848,1
11979,0
3290,0
2846,0
7254,0
10872,1
11496,0
7531,1
13404,0
3027,0
6090,1
7795,1
3432,0
7525,0
13043,0
9871,0
13756,1
1828,0
8174,1
13992,0
6010,0
12793,0
12553,1
5643,1
11769,0
6034,1
282,0
7390,1
11210,0
9043,0
1175,0
7294,1
13346,0
4818,1
11288,1
109,0
13528,1
2098,1
11581,1
9484,1
1567,0
7261,0
11128,1
622,1
1785,1
2095,0
5970,0
906,0
12490,1
12464,1
10531,0
13334,1
11307,0
12343,0
6505,1
5421,1
6553,1
11679,1
8118,0
5638,0
4822,1
1193,0
5639,1
10129,0
4835,1
4913,0
8082,1
11273,1
385,0
856,0
10813,1
985,0
1095,0
8166,0
9612,1
7265,1
10065,0
8735,0
8025,0
7386,0
4580,1
1040,1
3032,1
12583,0
10008,1
2390,0
570,1
9359,1
5358,0
5929,1
13606,1
7654,1
9888,1
12634,1
8789,0
10432,1
11492,0
2514,1
12153,0
9924,0
448,1
384,1
6783,0
9476,0
3619,0
3705,1
13715,1
3990,1
1672,1
236,1
6326,0
2823,0
7663,1
14235,1
7019,0
7858,0
4118,0
11263,1
3135,1
14093,1
3239,0
12010,1
2186,1
5203,0
5228,0
9352,0
6958,0
10570,0
5719,0
9105,0
4482,0
9088,1
7624,1
2113,1
3628,0
705,0
8611,1
1751,0
7130,0
3215,1
13425,0
2979,1
6191,1
11238,0
6640,1
12835,0
12591,0
1021,0
6230,0
5714,0
11042,0
14,0
3096,1
6650,0
8725,0
283,0
9373,0
12249,1
4510,1
4999,0
2406,1
5360,0
7843,1
13589,1
131,0
6663,0
2907,1
4006,1
5928,1
500,1
2604,1
4492,0
1328,0
11893,0
13322,0
7354,1
1784,0
4293,1
5290,1
6263,0
5822,0
9303,0
10304,1
6251,0
5885,0
6654,1
13323,0
788,0
12257,1
673,0
5781,0
6499,1
12045,0
443,0
9156,1
12371,0
9562,0
335,1
10425,1
13963,1
11285,1
11134,0
10163,0
266,0
7023,0
11888,0
6632,1
5416,1
9138,1
5285,1
13619,0
13944,1
9959,1
6720,1
12575,1
12885,0
12837,0
8901,0
4680,0
166,1
3095,1
12101,1
12869,1
11959,0
10578,0
6075,0
7115,0
10698,0
12043,1
11564,1
1611,0
839,0
9277,1
11321,0
2814,0
8478,0
9116,0
10937,0
6217,1
2747,0
1706,1
2411,1
5439,0
661,1
11027,0
5042,1
9427,1
6819,0
3463,0
4069,1
1144,0
2795,0
2460,1
9602,0
2166,1
12192,1
9640,1
10494,1
259,1
308,1
9260,1
12068,1
14002,1
12140,0
2005,1
711,0
6134,0
5436,0
11516,0
7210,1
10951,1
11543,0
8747,1
643,0
13799,0
4364,1
8093,1
13955,1
6005,0
796,0
8616,0
10579,0
13675,0
3275,0
10819,0
2126,1
7829,0
1607,0
9227,1
1778,0
3139,1
9955,0
258,0
9133,0
4416,1
9121,0
2300,1
10381,0
6317,0
2066,0
13155,1
10710,0
1456,0
8378,0
6022,1
2769,1
297,0
4987,1
8154,1
4702,1
1429,0
12858,1
3484,1
9979,0
5583,0
12198,0
8786,1
1230,0
3110,1
1164,0
3527,0
6874,0
5790,1
1418,1
7647,1
3433,0
5616,1
10102,1
4194,0
7387,1
5204,1
7378,0
12256,0
10186,0
3664,1
4776,1
6185,1
3490,0
11718,1
11500,0
8490,1
4381,1
56,0
3693,1
10383,0
12710,0
13655,0
340,1
7431,0
11070,1
3016,0
10139,1
188,0
351,1
9299,0
7874,1
5156,1
2656,1
12966,1
9644,1
8398,0
4404,1
6170,0
13714,1
2361,0
4625,1
11276,0
1729,0
12880,0
10942,1
6574,0
8617,1
2537,0
6089,1
1319,1
3869,0
13231,1
12898,0
2395,1
13182,1
8280,0
3233,1
625,0
4025,1
13464,0
1982,0
2290,0
1469,0
5909,0
12144,1
2573,0
11250,0
9980,0
810,1
13310,1
13198,1
3098,0
3994,0
11358,1
11261,0
723,1
12582,0
6757,0
14047,1
899,1
10181,1
904,0
3374,0
13135,0
14236,0
12668,1
11700,1
6748,1
12300,0
8475,0
10165,0
1417,0
1563,0
14004,0
6628,0
12055,0
3780,0
14157,1
5971,0
7211,0
3903,1
7773,1
7615,1
8940,1
1552,1
4583,0
3634,1
833,1
12931,0
9251,0
9590,1
10796,1
2703,0
12554,0
0,0
1315,1
13666,1
12018,1
7876,0
11348,1
1096,0
6907,0
12524,0
4144,1
10792,0
1739,0
4922,1
3586,1
9709,0
6368,0
4557,0
3889,1
6463,0
12444,0
9597,1
10939,1
4188,0
11162,0
7880,1
8408,1
771,0
10136,1
1053,0
4629,0
13626,1
4646,0
12230,0
10392,1
3734,1
629,0
4075,1
7896,0
2861,0
9930,0
14017,0
485,0
6722,0
3426,1
3496,0
13957,0
2698,1
9681,1
9039,0
4380,0
3125,1
2691,1
1331,0
6418,1
13789,1
6061,0
7859,0
9435,1
6876,1
13755,1
484,0
11280,0
7705,0
10943,0
12433,0
7716,0
1532,0
438,0
8817,1
1822,1
11644,0
13315,0
11443,1
3446,0
14034,1
4561,0
9720,0
12363,0
4810,0
157,0
3881,1
2590,1
8453,0
4869,0
12675,0
5297,1
69,1
2692,1
3112,0
6596,0
9432,1
6042,1
8610,0
13540,1
7341,0
11659,0
9963,0
9536,0
11392,0
12184,0
12443,0
11352,0
1449,0
8914,0
6282,1
1788,0
11815,1
4684,0
13216,0
11588,0
7979,0
2739,0
9729,0
12849,1
7725,1
5492,0
9063,1
517,0
12191,0
12155,0
4207,1
46,1
12128,0
1062,0
3697,0
5000,0
9310,1
6898,0
1936,0
10293,0
12162,0
8108,0
1545,1
9194,0
1965,0
13610,1
12731,1
616,0
9347,1
113,1
99,1
6229,1
6171,1
10581,1
7709,0
11169,0
5243,1
7301,0
11689,0
265,0
10597,0
10043,1
9497,1
13134,0
6496,0
4642,0
6257,0
7346,1
11366,0
2159,1
5465,1
290,0
7204,0
12485,0
5256,0
165,1
5160,1
13745,0
14161,1
7622,0
8599,1
1423,0
4967,1
7212,0
14156,0
11651,0
12970,0
5958,0
7978,0
151,1
9572,0
13376,1
10741,1
10020,0
8343,0
1141,1
4860,0
7086,0
11577,0
4824,0
10465,1
9960,0
6364,0
4186,0
5327,0
12884,1
87,0
8425,1
9778,0
2271,1
10462,0
5216,0
11667,0
10677,0
1574,1
3246,0
7285,0
5349,1
3740,1
6888,0
2724,1
5077,0
3514,0
8409,0
89,0
11095,0
12201,1
289,0
1533,1
12846,1
4529,0
12461,0
11118,0
4372,1
514,0
14045,1
8699,0
389,1
9779,0
11346,0
8848,0
10922,0
9746,0
10089,0
9486,0
12959,0
2650,1
2448,1
5982,0
9876,1
2519,1
4533,0
13442,1
3128,1
2342,1
4609,1
730,0
10146,0
7514,1
11260,0
5687,0
1272,0
1867,1
10091,0
11505,0
6336,1
12308,0
11010,0
12474,0
2813,0
2961,1
4661,1
10390,0
219,0
1192,0
2402,0
10537,0
7662,0
3200,1
3489,1
8392,0
14202,1
1187,1
2071,0
6547,0
3011,0
12545,1
14241,1
3942,1
9228,1
1247,1
13625,1
1972,0
11965,0
5284,1
9364,0
7558,0
9161,0
5359,1
10612,1
1619,0
7700,1
5778,1
6708,1
834,0
1482,0
6678,1
13580,1
1779,0
10841,0
8321,1
11395,1
3494,1
14100,1
2682,1
5964,0
1343,0
3088,1
5653,1
12150,0
4749,1
2013,1
2067,1
916,0
2277,0
5020,0
9269,0
9456,0
6984,0
4993,0
8226,0
3210,1
10359,1
5311,0
5372,0
12171,0
9520,0
2734,0
6136,0
12237,0
898,1
14165,1
9970,1
510,1
10082,1
11430,0
5074,1
5403,0
10111,1
11051,1
1421,1
2778,1
5718,0
7357,0
4734,0
2811,1
9770,0
1355,1
9830,0
4994,1
10404,1
11098,1
12277,0
2511,1
6355,0
242,1
6739,0
60,0
13195,0
12595,1
11972,0
13958,0
5930,0
12605,1
12978,1
8612,0
13065,1
10482,0
2999,1
8596,0
10647,1
10052,0
6679,1
2459,1
11676,0
172,0
13613,1
1727,1
9651,0
3503,1
12431,0
13817,0
2020,0
6571,0
9561,0
12044,0
201,1
98,0
2265,0
14058,0
12122,1
2521,1
10641,1
9212,0
7203,1
2549,1
2017,0
5035,1
3405,0
3055,0
11324,1
1206,1
11220,1
4334,1
12739,0
8151,0
10747,1
5294,0
7489,1
4534,0
11794,0
1589,0
2536,0
14083,1
4239,1
8781,1
4244,0
10640,1
3683,1
13017,1
13397,1
1211,1
5850,0
7415,1
13363,1
7011,0
1829,1
8496,1
4005,1
7273,1
1313,1
5878,0
5172,1
4138,0
10338,1
10985,0
3344,0
3722,1
1197,1
8155,1
13618,1
13437,0
88,0
939,0
13604,0
2955,1
5889,1
10772,1
5780,1
9106,1
10905,0
2564,1
2306,0
13128,0
7251,1
4121,0
11327,0
6453,1
320,0
13336,0
10525,0
5075,1
11182,0
8041,1
13864,1
13716,1
10071,0
8254,1
5365,1
6360,1
12655,1
9334,1
9689,0
8637,0
2062,1
4065,0
6476,1
8749,0
4062,1
3708,1
8018,0
10459,1
12954,1
11032,1
10346,0
13415,0
3765,0
4089,0
8066,0
3449,1
5036,0
11335,0
4870,0
8904,0
1448,0
1375,1
7576,1
7369,1
13145,1
1961,1
10558,0
6947,0
3388,0
5224,0
2900,0
14005,1
6209,0
7927,1
6773,1
14189,1
4876,0
3480,0
988,1
10243,1
3263,0
10125,1
4333,1
6203,1
8567,0
12733,1
7566,0
7987,1
344,0
11889,0
4867,1
13316,0
9896,0
9823,1
10789,1
410,0
12374,1
7279,1
7029,0
1115,0
6211,0
2452,1
8703,1
9515,0
11998,1
800,1
6508,1
11677,0
583,0
2248,0
6152,0
10935,1
6265,1
3472,0
2233,1
3819,1
4271,0
6700,0
4848,1
10955,0
7865,1
10131,1
14152,0
9150,0
10605,0
10310,0
7435,0
408,0
6404,0
12069,1
3506,1
12265,0
6525,0
7757,1
10871,1
9596,0
3015,0
3843,1
4398,1
11189,1
7788,0
591,1
9229,1
8505,1
9701,0
7162,1
11066,0
7703,1
12115,1
9306,0
2464,1
11686,1
10866,0
13466,1
9234,0
2815,1
6409,1
7423,1
1024,1
13803,1
5618,1
10600,1
2404,0
11952,0
13581,1
8247,0
889,0
10137,0
606,1
11992,1
11649,0
10788,1
14001,0
11668,1
7906,0
3429,1
4788,0
8369,0
10961,1
3053,0
13703,1
14039,1
1129,0
4348,0
5210,1
2375,0
1366,0
13384,0
1213,0
11752,1
10931,0
1160,0
8512,0
6059,0
5484,1
8495,1
2417,0
7530,0
7761,0
14185,1
2653,0
7678,0
8729,1
12677,1
12946,0
6531,0
824,1
3461,1
13831,1
11736,0
6389,1
13993,1
4951,0
10963,0
2899,0
7149,1
2844,1
9409,1
7062,0
9268,1
11733,0
8732,0
12291,0
7658,1
8872,0
10986,1
12245,1
1432,0
3964,0
1278,0
1416,0
12263,1
8049,0
2582,0
4487,0
9235,1
3191,0
2976,0
13393,0
10800,0
11120,0
4677,1
11301,0
2254,0
4652,0
11648,0
3575,0
12392,1
2094,1
5561,1
13354,1
8532,1
4018,1
4338,0
6598,1
12847,1
13752,1
12416,0
6019,0
9611,0
2943,0
1746,0
7408,1
13766,0
13825,0
6320,1
4989,1
11567,1
6053,0
41,1
10463,0
12477,0
2387,0
9092,0
3522,1
7730,1
4353,0
5704,0
11937,0
2040,0
10158,0
6892,1
5568,0
24,1
5534,1
9248,1
11542,0
8219,0
3898,0
8929,0
7997,0
11211,1
7642,0
12001,1
6837,0
963,1
8544,1
576,0
1730,0
5429,0
1005,0
7628,0
12082,1
4,1
3211,0
440,0
9674,1
12290,0
3728,1
9374,1
7467,0
13760,1
6056,0
6866,0
12095,0
11303,1
10876,0
5675,0
5652,0
12109,1
10480,0
849,1
5081,0
79,0
9015,0
9891,0
13204,1
7184,1
12527,0
3999,0
11423,1
6397,0
5827,1
7798,0
12875,0
4148,1
13417,1
3254,0
10918,0
6286,1
13988,0
2849,0
1529,1
9038,1
1356,1
11347,0
10734,0
883,0
5321,1
10156,0
4399,1
11738,0
6240,1
12943,1
1501,1
8075,1
2181,1
6023,1
8864,1
13757,1
5039,0
11199,0
725,0
2903,0
11633,0
10501,0
2837,0
206,1
12756,1
11149,0
10604,0
1587,0
10993,1
2157,0
5426,0
2269,0
2418,0
13035,0
13073,1
14139,0
14059,1
5274,0
8163,1
8196,1
2465,0
2468,0
10830,1
4606,1
7152,1
9733,0
7314,0
2463,1
11159,1
2830,0
12313,0
10405,1
558,0
4575,1
9868,0
4772,1
9978,0
12287,0
11081,0
14233,0
4424,0
11009,0
11942,1
231,0
7950,0
1993,1
764,0
8825,0
4057,1
1395,1
12917,0
8476,1
13779,1
1219,0
12466,1
13847,0
14022,0
11921,1
3457,0
13762,0
3447,0
12939,0
10678,1
2476,0
6370,0
1401,0
9808,0
10875,0
12798,0
7478,0
5712,1
10231,0
6951,0
2518,0
6375,0
7037,0
6444,1
1531,0
1640,1
7355,1
23,0
10786,0
10104,1
8282,0
7373,0
8080,0
11988,0
1565,1
5268,1
13504,1
2753,0
10372,0
8031,1
11282,0
3175,0
8386,0
5756,1
12547,0
387,0
5188,1
1337,1
7083,1
11548,1
13642,1
6208,0
11268,0
962,1
11054,0
3718,0
4127,1
2557,0
933,1
10977,1
2239,0
144,1
11304,1
1832,0
2640,0
2895,0
9236,0
7491,1
13282,0
9750,1
14089,1
13403,0
189,1
3372,1
9800,0
12526,0
13708,1
2510,0
2599,1
5684,0
1409,1
6166,1
9815,0
2970,0
1147,0
10116,1
10717,0
7027,0
6066,1
5816,1
3383,0
10027,1
2439,1
352,1
168,0
11502,0
1305,0
14222,1
2007,0
1674,0
5998,0
10025,1
5037,0
13851,0
9416,0
6261,1
11622,1
561,0
9661,0
8336,1
8619,1
10595,0
2432,1
9814,0
4522,0
10446,1
4843,1
6495,0
13419,0
11603,0
3810,0
1159,1
11354,1
11851,0
8376,0
9193,1
8482,0
1931,1
12135,1
3206,1
6244,0
11116,1
11822,1
2987,0
6111,1
7630,0
1759,1
9014,0
3116,0
2108,1
12222,1
877,1
10805,0
13034,0
5438,0
3364,0
6753,1
13379,0
8448,1
13732,0
7036,0
10376,0
6991,1
8370,0
12981,0
12497,1
13721,0
3331,0
9068,0
7672,1
5582,0
5668,0
11292,0
2369,0
6271,0
6985,1
6325,0
12510,0
12186,1
5313,1
9935,0
5733,1
8248,1
9568,1
11681,0
1899,1
11265,1
7723,0
5936,1
8188,0
4454,1
5681,1
11150,1
13408,1
2025,0
1438,1
11514,0
8262,0
11355,0
9025,1
4521,1
7108,0
8678,0
4320,0
10028,1
11683,0
12148,0
8212,0
3444,0
1650,0
7942,1
13123,1
12906,0
4257,1
4264,0
12357,0
13810,0
9976,1
13026,0
9579,1
13414,0
12225,0
6027,0
7800,1
252,0
6306,0
10522,1
1275,1
12008,1
12996,1
6475,1
3516,0
13049,0
1711,1
12208,1
7464,0
850,1
6344,0
8742,1
465,1
3923,0
1270,1
5401,0
1314,1
8997,1
5178,0
4192,0
10505,0
6232,1
11035,0
4081,1
11497,1
8543,0
11591,0
2316,1
13159,0
5942,1
7452,1
4157,0
13697,0
13886,1
10471,0
12559,0
4579,0
7437,0
12782,1
2586,0
3223,0
1748,0
6041,1
4562,1
12781,1
13573,1
10354,1
6931,1
6942,1
13448,0
3636,0
9053,0
12274,0
10411,0
2593,1
2804,0
12918,0
9522,0
6212,0
9764,1
14194,0
1140,0
7004,0
11377,1
1585,0
1188,0
6484,0
3109,0
13492,1
4098,0
13238,1
2954,1
12211,0
13804,1
13236,1
11566,0
3952,0
2466,1
13212,0
931,0
154,0
5769,0
13542,1
9478,1
4591,1
1681,0
9714,1
3986,0
10318,1
8648,1
13359,1
5167,0
5179,0
9643,1
10694,1
10016,1
3897,0
920,0
6321,1
7698,0
12987,1
2289,0
6976,0
9894,1
4433,1
68,0
10752,1
6441,0
12090,1
12483,0
2137,0
10637,1
6528,0
13523,1
5280,1
8458,1
12046,1
2646,0
11800,1
5877,1
2484,1
11947,1
5348,0
5255,0
8326,0
13458,0
13009,1
11682,1
12298,0
12127,0
4671,1
7510,1
6778,1
2700,1
12506,1
11491,1
5984,1
8464,1
13148,0
11756,0
11315,1
13077,1
7920,0
316,0
3042,1
2946,1
2766,0
5605,1
10962,1
809,0
5802,0
8942,1
8859,0
11338,0
1898,1
11840,0
10101,1
7764,1
11208,1
1496,0
6575,1
430,0
6734,0
5305,1
5988,0
4755,1
5281,1
2529,0
3376,1
8728,1
1091,1
7806,1
13774,1
1367,1
10893,1
2130,1
13533,0
5991,0
9953,1
7046,0
13254,1
478,1
11236,0
1954,1
8541,1
13976,1
3035,0
11690,0
5442,1
2477,0
7767,0
1863,0
11776,0
11660,0
2022,1
9058,1
12874,1
4305,1
10651,0
4371,0
5060,1
13897,1
980,1
374,1
8812,0
8319,0
8518,0
4393,0
8396,1
9239,1
1306,0
28,0
11055,0
10229,0
6331,1
13010,1
190,1
7180,0
12330,0
8882,0
11328,1
3252,0
345,0
12273,0
9790,0
11866,0
10484,0
1830,1
3338,1
4611,1
127,0
2397,0
6732,1
2935,1
9649,1
3950,0
11306,1
10990,1
7823,1
10624,1
7275,1
7691,0
1111,0
145,1
1428,0
10758,1
12505,1
12013,1
9412,1
2939,0
4079,0
10701,1
5871,0
4560,1
535,0
2579,0
1558,1
3001,1
10399,1
456,1
6601,0
10386,1
8640,1
12879,0
8546,1
4268,0
10075,1
3967,1
10255,1
7900,1
12856,1
818,1
8520,0
10842,0
5774,0
4285,1
10085,1
5108,0
10599,1
2197,1
6718,1
6361,1
138,0
7606,0
1632,1
680,1
3319,1
14115,0
4687,1
789,0
11515,0
10947,0
12379,0
1072,0
4889,0
8706,0
5786,1
7272,1
12029,1
12624,0
9912,0
525,1
13451,0
13201,1
12635,0
7674,1
1465,1
8676,0
6726,0
12400,0
11698,1
4195,1
9029,1
8037,0
9881,0
13892,1
7988,0
193,0
3311,0
12843,1
11678,0
9869,1
707,0
9100,1
11561,0
12484,0
8996,0
9607,1
2569,1
8421,1
7454,1
5418,0
2893,1
2676,1
12181,0
9603,0
5586,1
5385,0
1976,0
11722,1
7537,0
11650,0
6705,0
12540,1
12062,0
6156,0
10322,0
11101,0
5194,0
5847,1
11170,1
9502,0
5659,0
2568,0
2401,0
6146,0
7352,0
4413,1
8800,1
2389,0
11592,0
11463,0
6956,1
8413,0
11215,0
4240,1
4366,0
1256,0
1648,1
11747,1
11467,1
5992,1
5090,0
13344,1
2480,1
6047,1
10629,1
10896,0
3119,1
13917,1
10097,0
3196,0
3441,0
7410,1
13287,0
9861,1
7661,1
1745,1
9403,0
10030,0
5324,1
5663,1
5619,1
3882,0
7842,0
3411,0
10090,1
460,1
7547,1
4462,1
3428,0
10305,0
5343,1
10257,0
12110,0
7001,1
8377,1
11631,0
10451,1
10161,0
403,1
9504,0
8765,0
10601,0
2918,1
12078,1
3076,0
612,1
12329,1
3823,1
10719,1
11629,0
10202,0
11405,0
13875,1
12348,1
11350,0
400,0
5309,0
12451,0
8314,0
7322,1
9542,0
12436,1
4076,1
9397,0
4796,1
4234,0
10519,0
8179,0
7028,1
13476,1
7728,0
13014,1
6926,0
516,0
5198,0
6599,1
13922,1
427,0
12294,0
6725,0
12877,1
13368,1
14033,0
10079,0
9993,1
4731,1
3474,1
6221,0
12597,1
9380,0
9581,0
115,1
1076,1
13916,1
2850,0
11544,1
505,0
2632,0
13979,1
2237,0
8630,0
11178,0
2851,0
4261,1
4084,1
1808,1
8271,0
5804,1
6374,1
13364,0
8416,0
10439,1
11839,0
12501,0
12262,0
2919,1
13244,0
8459,1
3815,0
5240,1
10594,0
4875,0
7131,0
6787,1
6955,0
5753,1
4026,0
11849,1
7129,1
5854,1
1460,1
3940,1
8215,1
11685,0
4705,0
11340,1
7333,0
11232,1
2922,0
9468,0
12714,1
11936,0
8555,1
14239,1
185,1
13586,0
4222,0
4308,1
12350,1
12405,0
14196,1
7524,1
11973,1
5890,1
8047,1
13873,1
13321,0
5553,1
3529,0
4632,0
324,1
7405,1
9742,0
7954,1
2522,0
881,0
7474,0
13945,1
10413,1
6988,0
10549,0
2812,0
8823,1
4314,0
9832,0
7747,0
652,0
3085,1
211,0
6070,1
11490,1
10913,0
7868,0
11955,0
3508,1
2104,0
342,1
10349,1
13257,1
13381,0
14082,0
10260,1
7771,1
5338,0
7863,0
9906,1
13056,0
3302,1
7148,1
11001,0
2978,1
13598,1
7348,0
11107,0
10763,1
7044,0
840,0
2535,1
7351,0
12567,0
5997,0
1413,0
11114,1
7080,1
7935,1
12420,0
13534,1
1658,0
7260,1
13061,0
7911,0
2447,0
1809,0
2817,0
5504,0
5891,0
1523,1
2715,0
5994,1
10631,0
2225,0
8720,0
5985,1
8576,1
5174,1
703,0
14019,1
4735,1
8171,1
9703,1
12784,1
10802,0
1238,1
12724,1
9706,0
4262,0
12317,0
8974,0
5306,1
1617,1
5722,0
11890,0
728,1
3121,0
5471,0
310,0
6275,1
13314,1
7810,1
10615,0
9446,1
380,1
10185,0
2150,0
5975,1
8710,1
11200,0
11071,0
4623,1
8447,1
239,0
5229,0
10767,0
2866,1
5708,0
12121,1
10944,0
1003,0
10187,0
2673,0
2085,0
8693,1
10197,0
13164,1
5556,0
4513,0
6200,0
13656,0
3845,0
538,0
6928,1
10074,1
7155,0
14051,1
9975,1
4631,0
12838,1
5480,0
6736,0
639,0
8602,0
11868,1
6806,0
133,1
198,0
13889,1
5517,0
11458,0
12226,1
10902,1
5190,0
7376,0
9332,1
12019,1
4129,0
7289,0
6110,0
12552,1
1622,1
11666,0
12566,1
11317,0
1547,1
5131,0
9124,0
3214,0
4546,0
9447,0
434,0
846,1
4953,0
13156,1
4386,0
325,1
9305,0
163,0
2051,0
10000,0
2371,1
900,1
3921,0
12909,0
9537,1
6486,0
11812,0
2031,1
3794,1
2240,1
2515,0
9685,0
778,0
4295,0
6629,0
6030,1
10087,1
5405,1
1770,0
6369,0
8234,0
3040,0
35,1
6959,0
13866,1
5406,0
683,0
13802,0
13913,1
6012,1
14031,1
5199,1
826,0
468,0
6879,1
8310,1
3539,0
5606,0
4506,1
12774,1
2217,1
5592,1
528,0
2313,1
11735,1
6564,1
11401,0
475,0
6780,0
12089,0
1790,1
3396,0
4349,0
13107,1
4071,0
3899,1
1433,0
304,0
8050,1
2493,0
10915,0
10692,0
5861,0
1635,0
9086,0
2885,1
607,1
3497,0
6793,0
3669,0
4040,1
11907,0
13041,0
13975,1
651,1
12214,0
4746,1
10804,1
10513,0
2944,0
9570,0
5830,0
8947,0
12267,1
10574,0
2912,0
8875,1
8300,1
4016,0
9033,0
5402,0
4425,1
2307,1
6037,1
12813,0
4965,0
3860,0
2702,1
6290,0
9929,1
5457,1
12076,0
9541,1
12761,0
4116,0
4626,1
2227,0
396,0
8662,0
10040,1
378,0
1181,0
13940,0
2179,0
11880,1
5454,0
12757,1
7839,0
9628,1
5161,0
431,1
11871,0
4453,0
3848,1
6582,0
8624,1
5977,1
457,0
5495,1
9040,0
5579,1
1956,0
7598,0
1553,0
11466,1
3772,1
4900,1
3632,0
4502,1
2362,0
1455,0
5807,0
8686,1
10836,1
1575,1
30,0
4759,1
1715,1
10215,1
5356,0
4481,1
7398,0
8030,1
11740,1
3736,0
929,1
10179,1
9357,0
9319,1
13099,0
5974,1
6643,1
6289,0
4992,0
5249,0
5175,1
11198,0
4233,1
4787,1
4675,1
872,1
12422,1
3962,0
5593,1
9109,0
7656,1
9016,1
13483,0
4266,1
13956,1
5665,1
9928,1
11253,1
5533,1
299,0
2932,0
8479,1
11699,0
7385,1
9952,0
1638,0
2425,1
13067,0
10831,1
108,1
9684,1
6362,1
9494,0
11848,0
489,0
4361,1
11123,1
9320,1
2875,0
4013,1
9670,0
3853,1
9145,0
4766,0
4801,0
8832,0
7176,1
11244,0
693,0
11892,0
8443,0
4496,0
330,0
4598,0
3867,0
10077,0
11865,0
8677,0
5073,1
9789,0
8079,1
4917,1
1379,0
7101,0
12995,0
5184,1
6954,0
7436,1
9516,0
11436,0
2260,1
1085,0
12674,0
852,0
2344,0
5519,1
8419,0
13206,1
7702,1
3209,1
4780,1
5375,1
9600,0
5033,1
10975,1
12281,1
12720,0
4423,0
7560,0
12032,0
2548,1
3528,0
6003,0
7392,1
9388,0
10289,1
4833,1
6852,0
1682,1
6454,1
13070,1
10695,1
3592,0
10898,1
10949,1
9097,0
7334,0
7748,1
6642,1
10264,1
13371,0
13338,0
9327,1
3260,1
13246,0
10610,0
8815,1
958,1
13058,0
7916,1
10903,1
12950,0
173,1
9032,1
3458,0
2502,0
4198,0
3406,0
11191,0
8417,1
7965,0
12824,0
2924,1
6088,0
11775,0
649,0
549,1
6987,0
5193,0
1604,1
10853,1
1397,1
5918,1
5099,1
10460,0
11767,1
10635,0
13088,0
9613,1
6497,1
6776,0
3308,0
5082,0
4229,1
4204,0
4938,1
4299,1
8217,0
5530,1
3511,0
7641,0
49,1
13759,1
3181,1
4024,0
4483,1
2394,1
696,0
14079,1
9127,0
8201,0
6267,0
10066,0
11163,0
399,0
888,0
8230,0
13301,0
4720,0
5066,0
5428,1
13412,0
7660,0
6082,0
9567,0
1398,1
11755,0
13795,1
12232,1
6943,0
13665,1
13348,0
2497,1
11271,0
5886,1
813,0
717,1
9341,0
2757,1
12235,0
6126,0
1377,0
4109,0
1660,1
9732,1
10358,0
459,1
6354,1
6555,0
1458,1
256,0
4397,0
13691,0
12632,0
8631,1
13576,1
1121,0
12740,1
13114,1
1526,0
13746,1
11255,1
8197,0
10314,1
12568,0
4807,0
9399,1
4882,1
2392,0
350,0
7087,1
7504,1
4101,0
13538,1
6781,1
390,0
4712,1
10286,0
2802,0
11221,0
6583,1
567,1
1075,0
10496,1
8104,1
6100,0
4723,0
5070,0
13615,1
9686,0
9796,1
11297,0
8575,0
2704,0
2345,0
8068,1
605,1
3448,1
14210,1
5923,0
11000,0
11594,0
9451,0
8675,0
3504,0
9998,1
2070,0
7875,1
8542,1
3445,1
7552,0
13960,1
13679,1
11523,0
8062,0
1217,1
12412,1
7912,1
4172,0
4674,0
13093,0
7018,0
2349,0
1150,0
9892,1
10002,1
5051,1
10057,0
1522,1
8463,1
2820,1
11275,0
2951,0
11796,1
7667,0
3595,1
3178,0
12476,0
1408,0
5661,1
1196,0
6605,1
13522,0
1180,0
12921,0
13062,0
8724,1
9788,0
12963,1
2732,0
1879,1
8442,0
12615,0
1859,0
7321,0
2794,0
12779,1
3631,1
2542,1
6899,1
553,0
9258,1
7090,0
5433,1
1515,0
10992,0
10560,0
775,0
8580,1
11073,1
11085,0
1354,0
6490,0
2000,1
4615,1
14229,1
5218,0
7337,1
7286,1
2832,1
373,1
12936,0
9623,0
12320,0
1549,0
4821,0
2992,1
10423,1
8298,1
13510,1
3830,1
2897,1
3507,0
9009,0
5448,1
10516,1
12220,1
5468,1
1342,1
13808,1
5949,0
4604,0
3724,1
1720,0
8178,1
4942,0
4745,1
3577,0
2320,1
721,0
1609,0
4820,1
9926,0
7344,1
2338,0
4927,0
2660,1
499,0
8727,0
791,1
3565,0
7639,1
8799,1
7318,1
13411,1
7353,0
2853,0
10468,0
12459,1
13594,1
2720,1
8374,1
288,0
12440,0
13898,0
2652,1
3910,0
9878,1
5026,0
14214,1
6854,0
5705,0
6620,0
9937,0
8441,0
5411,0
812,1
10288,1
6827,0
10308,0
7202,1
2191,1
13848,1
6655,0
5904,0
8920,0
12565,1
12945,0
9809,1
8573,0
12989,1
2689,1
11563,1
7955,1
6867,0
2574,0
12706,0
9529,0
6165,0
2659,0
86,0
1303,1
298,1
3993,0
10754,1
11092,1
2414,1
3382,0
12288,0
7585,0
9659,1
3553,0
8900,1
11793,0
9419,0
3858,1
8164,0
3289,1
3961,1
8235,1
13706,1
3826,0
8170,0
8397,0
8556,1
12886,0
10909,1
7659,1
5018,0
1505,1
1669,0
944,1
476,1
13832,0
1918,1
876,1
1385,0
8736,1
3726,0
12832,0
1659,0
270,0
5100,1
5944,1
2074,1
12673,1
11323,1
13378,1
6148,1
13587,0
10733,1
11565,0
1221,0
9801,0
3002,1
4100,0
3118,0
1839,1
5261,0
9270,0
842,0
670,0
10285,1
7779,0
4112,0
12376,0
216,1
29,1
5221,0
4347,0
6264,0
8255,0
14076,1
1468,0
6939,1
5054,0
11416,0
2760,1
13885,1
4135,1
12307,1
11652,0
12586,0
8816,0
10721,1
13895,1
6978,0
3184,1
13047,1
8738,1
793,1
5214,0
13470,1
8621,1
11391,0
11173,0
5078,1
5884,0
739,0
3763,1
6472,0
4847,1
4639,0
4985,0
11693,1
6691,1
10664,0
7472,0
3616,1
1789,1
8499,0
3534,0
14049,1
9264,1
11224,0
11640,0
1404,0
14179,1
5326,1
3285,1
7103,1
12853,1
10793,0
2457,0
10771,1
2453,1
8265,0
9051,1
13727,1
5815,1
5196,0
7555,0
10960,0
2207,1
6813,0
2505,0
498,0
7637,0
7167,1
1777,1
425,0
6175,0
12911,0
697,0
4104,1
8625,0
5908,1
6977,1
8004,0
11302,0
14159,1
2796,0
7746,0
1546,0
1473,0
10267,1
3629,0
4255,1
8589,0
919,1
3832,0
7153,0
3299,1
6242,1
11398,0
7981,0
4551,1
7041,1
7071,0
8143,1
3363,0
5691,1
555,0
11057,1
3303,1
13227,0
5544,0
7605,0
12100,0
1871,1
1677,0
9123,0
4391,1
11002,1
10277,0
13169,1
4150,1
6000,0
6253,0
13185,0
5103,1
9425,0
11926,1
1960,0
7306,1
2583,0
2399,0
305,0
2805,1
1921,0
1683,0
11833,1
3231,0
11763,0
9735,0
6050,0
13032,0
1761,1
4448,0
4490,1
8140,1
13989,0
777,0
4937,0
8451,1
7488,1
6625,1
2672,0
4427,0
4815,0
2156,0
8368,0
5269,0
11362,0
9192,1
37,0
8734,1
11331,1
6081,0
6199,0
10141,0
12789,1
2185,0
12695,0
5632,1
13628,1
5609,1
7970,0
2057,0
7219,0
3674,0
5223,1
3558,1
7556,1
1061,1
9647,0
12203,0
5542,0
7098,0
11610,0
10785,0
3422,1
6328,0
2906,0
8531,1
2324,1
124,1
7983,1
6231,0
12607,0
7923,0
11048,1
11841,0
31,1
4592,1
13427,0
10646,1
12747,0
8352,1
9296,1
2481,0
6895,0
1346,1
13424,0
8233,0
795,0
1713,1
2222,0
3847,1
6541,1
1723,0
1439,0
11761,1
11560,1
2359,0
12021,0
8334,0
13705,0
6849,0
9549,0
10557,0
5743,1
3023,0
8783,0
4730,0
6425,0
13199,0
7626,0
1964,0
11493,0
12106,1
10214,1
4260,1
6891,1
4224,0
3083,1
11861,1
7542,1
5721,0
799,1
8644,1
13937,0
2129,0
10239,1
234,1
13636,1
2949,0
7497,0
7312,0
1687,1
327,1
73,0
5201,1
7706,0
9637,1
409,1
8517,0
9560,0
13248,0
6014,1
14177,1
11046,0
4160,0
8536,1
2577,1
884,0
10124,1
372,1
12593,0
10991,0
7804,1
3742,0
4552,1
11522,0
1906,0
1654,0
12251,1
6717,1
6168,1
10667,1
7619,0
12522,1
4918,0
1602,1
5770,1
6390,0
271,1
13660,1
4919,0
7271,0
9278,0
7573,1
9473,0
13649,1
10652,0
5893,1
6841,0
9292,1
13490,0
8994,0
618,0
11664,1
6341,0
11124,0
2984,0
4653,0
9648,0
10279,1
12394,1
1480,0
11773,0
11759,0
4635,0
4685,0
4948,1
4246,0
13554,1
11784,0
10389,0
2117,1
1556,0
12236,0
3430,1
13518,1
3258,1
4553,1
11801,0
5789,0
10475,1
10891,0
9917,0
2266,0
13374,0
6890,1
8841,0
11242,0
12430,1
5469,0
11608,1
12854,0
5028,1
1228,0
7718,1
8890,1
7631,1
551,0
4630,0
3371,1
3573,0
3752,0
13987,0
9315,0
12991,0
435,0
8731,0
9219,1
11535,1
10242,0
5466,0
5316,1
6765,0
13572,1
4122,1
7594,0
12185,0
7174,0
12637,0
3646,0
6077,0
1996,0
5266,1
10204,1
7209,1
3094,1
10069,0
10861,1
6929,0
13339,0
12590,1
6381,0
14187,0
12035,0
8645,0
14117,1
3273,0
4908,1
11734,1
9417,0
9554,1
2551,0
7134,1
9300,1
1949,0
5833,1
4802,0
7607,0
12486,0
2756,1
4873,0
11409,0
12437,0
8131,1
10489,1
13214,1
13813,1
13733,1
13024,1
12679,0
9369,1
9716,0
13929,1
5489,0
6432,0
328,0
9508,0
9501,0
9673,0
6818,0
9727,1
339,0
2288,1
3017,1
6690,1
14226,1
3665,0
2855,1
13332,0
6704,1
10639,1
2335,1
10397,0
11519,1
8105,0
6645,0
12819,0
10917,1
10704,1
85,0
12039,0
10301,1
13025,1
2123,0
13330,0
3460,1
13110,0
10642,0
12960,0
11864,1
13329,0
12179,1
3811,1
3733,0
8833,0
196,1
2707,1
8597,0
2997,0
6305,0
6448,1
10539,0
5666,0
10794,1
1007,1
13304,1
4431,0
7957,1
9866,0
8581,1
1795,1
11488,1
3003,0
7102,1
10117,1
1161,0
12588,0
13136,1
11778,1
10340,0
1054,0
2056,0
7457,0
806,0
11655,1
4714,1
12492,1
14009,0
1937,1
376,1
10703,0
1836,0
870,1
7470,1
13827,0
2273,1
10864,1
4679,1
7857,1
3601,1
12487,0
2829,0
3045,0
1927,0
1234,0
