dataset_name,sensitive_attribute,group,n_samples,mean_dox,std_dox,median_dox,min_dox,max_dox,mean_clarity,mean_distinctiveness,mean_coverage,dox_gap,clarity_gap,distinctiveness_gap,coverage_gap,evaluation_time_seconds
hist_bias_Y_ly_0.00,A,Group_0,1634,0.8122848477003589,0.012693049271041099,0.8132999397391578,0.583124979745867,0.8133300297230872,0.5333333333333332,0.9970043267629299,1.0,0.0008121556807032526,1.1102230246251565e-16,0.002320444802009103,0.0,0.11419534683227539
hist_bias_Y_ly_0.00,A,Group_1,1666,0.8114726920196557,0.017846421109567943,0.8133012334483813,0.47067447364851595,0.8133308279946211,0.5333333333333333,0.9946838819609208,1.0,0.0008121556807032526,1.1102230246251565e-16,0.002320444802009103,0.0,0.11419534683227539
hist_bias_Q_lhq_0.00,A,Group_0,1634,0.8122848477003589,0.012693049271041099,0.8132999397391578,0.583124979745867,0.8133300297230872,0.5333333333333332,0.9970043267629299,1.0,0.0008121556807032526,1.1102230246251565e-16,0.002320444802009103,0.0,0.14710545539855957
hist_bias_Q_lhq_0.00,A,Group_1,1666,0.8114726920196557,0.017846421109567943,0.8133012334483813,0.47067447364851595,0.8133308279946211,0.5333333333333333,0.9946838819609208,1.0,0.0008121556807032526,1.1102230246251565e-16,0.002320444802009103,0.0,0.14710545539855957
hist_bias_R_lhr_0.00,A,Group_0,1634,0.8122848477003589,0.012693049271041099,0.8132999397391578,0.583124979745867,0.8133300297230872,0.5333333333333332,0.9970043267629299,1.0,0.0008121556807032526,1.1102230246251565e-16,0.002320444802009103,0.0,0.1464827060699463
hist_bias_R_lhr_0.00,A,Group_1,1666,0.8114726920196557,0.017846421109567943,0.8133012334483813,0.47067447364851595,0.8133308279946211,0.5333333333333333,0.9946838819609208,1.0,0.0008121556807032526,1.1102230246251565e-16,0.002320444802009103,0.0,0.1464827060699463
interaction_bias_lyb_0.00,A,Group_0,1634,0.8122848477003589,0.012693049271041099,0.8132999397391578,0.583124979745867,0.8133300297230872,0.5333333333333332,0.9970043267629299,1.0,0.0008121556807032526,1.1102230246251565e-16,0.002320444802009103,0.0,0.14355254173278809
interaction_bias_lyb_0.00,A,Group_1,1666,0.8114726920196557,0.017846421109567943,0.8133012334483813,0.47067447364851595,0.8133308279946211,0.5333333333333333,0.9946838819609208,1.0,0.0008121556807032526,1.1102230246251565e-16,0.002320444802009103,0.0,0.14355254173278809
meas_bias_Y_linear_lmy_0.00,A,Group_0,1634,0.8122848477003589,0.012693049271041099,0.8132999397391578,0.583124979745867,0.8133300297230872,0.5333333333333332,0.9970043267629299,1.0,0.0008121556807032526,1.1102230246251565e-16,0.002320444802009103,0.0,0.1481328010559082
meas_bias_Y_linear_lmy_0.00,A,Group_1,1666,0.8114726920196557,0.017846421109567943,0.8133012334483813,0.47067447364851595,0.8133308279946211,0.5333333333333333,0.9946838819609208,1.0,0.0008121556807032526,1.1102230246251565e-16,0.002320444802009103,0.0,0.1481328010559082
meas_bias_Y_nonlinear_lmy_0.00,A,Group_0,1634,0.8122848477003589,0.012693049271041099,0.8132999397391578,0.583124979745867,0.8133300297230872,0.5333333333333332,0.9970043267629299,1.0,0.0008121556807032526,1.1102230246251565e-16,0.002320444802009103,0.0,0.14803051948547363
meas_bias_Y_nonlinear_lmy_0.00,A,Group_1,1666,0.8114726920196557,0.017846421109567943,0.8133012334483813,0.47067447364851595,0.8133308279946211,0.5333333333333333,0.9946838819609208,1.0,0.0008121556807032526,1.1102230246251565e-16,0.002320444802009103,0.0,0.14803051948547363
meas_bias_R_lm_0.00,A,Group_0,1634,0.8122848477003589,0.012693049271041099,0.8132999397391578,0.583124979745867,0.8133300297230872,0.5333333333333332,0.9970043267629299,1.0,0.0008121556807032526,1.1102230246251565e-16,0.002320444802009103,0.0,0.14217424392700195
meas_bias_R_lm_0.00,A,Group_1,1666,0.8114726920196557,0.017846421109567943,0.8133012334483813,0.47067447364851595,0.8133308279946211,0.5333333333333333,0.9946838819609208,1.0,0.0008121556807032526,1.1102230246251565e-16,0.002320444802009103,0.0,0.14217424392700195
undersample_pu_0.00,A,Group_0,2474,0.8108032997677413,0.018389772466595827,0.8128704367969055,0.4687051392101801,0.8132959063957383,0.5333333333333332,0.9927713326697374,1.0,0.0003413615631558953,1.1102230246251565e-16,0.0009753187518742878,0.0,0.15947866439819336
undersample_pu_0.00,A,Group_1,2476,0.8104619382045855,0.019029570696178322,0.8128810962488418,0.48161843510883773,0.8132940318270464,0.5333333333333333,0.9917960139178631,1.0,0.0003413615631558953,1.1102230246251565e-16,0.0009753187518742878,0.0,0.15947866439819336
representation_bias_lr_true0.00,A,Group_0,2474,0.8108032997677413,0.018389772466595827,0.8128704367969055,0.4687051392101801,0.8132959063957383,0.5333333333333332,0.9927713326697374,1.0,0.0003413615631558953,1.1102230246251565e-16,0.0009753187518742878,0.0,0.19535279273986816
representation_bias_lr_true0.00,A,Group_1,2476,0.8104619382045855,0.019029570696178322,0.8128810962488418,0.48161843510883773,0.8132940318270464,0.5333333333333333,0.9917960139178631,1.0,0.0003413615631558953,1.1102230246251565e-16,0.0009753187518742878,0.0,0.19535279273986816
label_noise_sy_0.00,A,Group_0,1634,0.8122848477003589,0.012693049271041099,0.8132999397391578,0.583124979745867,0.8133300297230872,0.5333333333333332,0.9970043267629299,1.0,0.0008121556807032526,1.1102230246251565e-16,0.002320444802009103,0.0,0.10815691947937012
label_noise_sy_0.00,A,Group_1,1666,0.8114726920196557,0.017846421109567943,0.8133012334483813,0.47067447364851595,0.8133308279946211,0.5333333333333333,0.9946838819609208,1.0,0.0008121556807032526,1.1102230246251565e-16,0.002320444802009103,0.0,0.10815691947937012
hist_bias_Y_ly_0.10,A,Group_0,1634,0.8120181305963576,0.014350700598179042,0.8132523091917251,0.5509397862738297,0.8133253164297605,0.5333333333333332,0.9962422778943553,1.0,0.000807301950385364,1.1102230246251565e-16,0.002306577001101262,0.0,0.11006593704223633
hist_bias_Y_ly_0.10,A,Group_1,1666,0.8112108286459723,0.018717571922989035,0.8132554476540567,0.516788032721162,0.8133272535784366,0.5333333333333333,0.993935700893254,1.0,0.000807301950385364,1.1102230246251565e-16,0.002306577001101262,0.0,0.11006593704223633
hist_bias_Q_lhq_0.10,A,Group_0,1634,0.8116521120969072,0.016379212858616952,0.8131664908646126,0.5012257085431874,0.8133178813476881,0.5333333333333332,0.9951965107530686,1.0,0.0008167958622392613,1.1102230246251565e-16,0.002333702463541143,0.0,0.14578723907470703
hist_bias_Q_lhq_0.10,A,Group_1,1666,0.810835316234668,0.020202065965748167,0.8131684434702999,0.4666651436320055,0.8133199464223211,0.5333333333333333,0.9928628082895274,1.0,0.0008167958622392613,1.1102230246251565e-16,0.002333702463541143,0.0,0.14578723907470703
hist_bias_R_lhr_0.10,A,Group_0,1634,0.8116083136617112,0.014476457277229517,0.8131212813930323,0.5566263209378131,0.8133123431549039,0.5333333333333332,0.9950713723667937,1.0,0.0006382257911049516,1.1102230246251565e-16,0.001823502260299703,0.0,0.1702406406402588
hist_bias_R_lhr_0.10,A,Group_1,1666,0.8109700878706062,0.019258194509871807,0.8131293716208909,0.49397148016092174,0.8133173343245635,0.5333333333333333,0.993247870106494,1.0,0.0006382257911049516,1.1102230246251565e-16,0.001823502260299703,0.0,0.1702406406402588
interaction_bias_lyb_0.10,A,Group_0,1634,0.8073088466358943,0.026380552086868146,0.8120557793580777,0.493796928971278,0.813206437476385,0.5333333333333332,0.9827871808644599,1.0,0.0013136870944071566,1.1102230246251565e-16,0.003753391698306241,0.0,0.14527153968811035
interaction_bias_lyb_0.10,A,Group_1,1666,0.8059951595414871,0.030293576157790898,0.8121050619247627,0.49231393179754124,0.8132370898325292,0.5333333333333333,0.9790337891661537,1.0,0.0013136870944071566,1.1102230246251565e-16,0.003753391698306241,0.0,0.14527153968811035
meas_bias_Y_linear_lmy_0.10,A,Group_0,1634,0.8120181305963576,0.014350700598179042,0.8132523091917251,0.5509397862738297,0.8133253164297605,0.5333333333333332,0.9962422778943553,1.0,0.000807301950385364,1.1102230246251565e-16,0.002306577001101262,0.0,0.14603781700134277
meas_bias_Y_linear_lmy_0.10,A,Group_1,1666,0.8112108286459723,0.018717571922989035,0.8132554476540567,0.516788032721162,0.8133272535784366,0.5333333333333333,0.993935700893254,1.0,0.000807301950385364,1.1102230246251565e-16,0.002306577001101262,0.0,0.14603781700134277
meas_bias_Y_nonlinear_lmy_0.10,A,Group_0,1634,0.8122334693657466,0.01299720253756606,0.8132937820661109,0.578372822554041,0.8133294204702698,0.5333333333333332,0.9968575315211805,1.0,0.0008217388570859185,1.1102230246251565e-16,0.002347825305959672,0.0,0.14767861366271973
meas_bias_Y_nonlinear_lmy_0.10,A,Group_1,1666,0.8114117305086607,0.018134251076693256,0.8132953142988253,0.46801420899358936,0.8133303659577252,0.5333333333333333,0.9945097062152208,1.0,0.0008217388570859185,1.1102230246251565e-16,0.002347825305959672,0.0,0.14767861366271973
meas_bias_R_lm_0.10,A,Group_0,1634,0.7904008400174621,0.060032111251016436,0.809580360430575,0.46415682515547363,0.8129487475501512,0.5333333333333332,0.9344785905260825,1.0,0.0004086809749782594,1.1102230246251565e-16,0.0011676599285092015,0.0,0.14031648635864258
meas_bias_R_lm_0.10,A,Group_1,1666,0.7908095209924404,0.05543433766089568,0.8096126948291914,0.4633494590582533,0.8129863360795708,0.5333333333333333,0.9356462504545917,1.0,0.0004086809749782594,1.1102230246251565e-16,0.0011676599285092015,0.0,0.14031648635864258
undersample_pu_0.10,A,Group_0,2474,0.812300886914257,0.012585104767922094,0.8132949626892334,0.5753435528127488,0.8133296149733601,0.5333333333333332,0.997050153088353,1.0,0.0003736387311303879,1.1102230246251565e-16,0.00106753923180114,0.0,0.09155678749084473
undersample_pu_0.10,A,Group_1,248,0.8126745256453873,0.006578389745705561,0.8132922681887617,0.715298744156486,0.8133292971837476,0.5333333333333333,0.9981176923201541,1.0,0.0003736387311303879,1.1102230246251565e-16,0.00106753923180114,0.0,0.09155678749084473
representation_bias_lr_true0.10,A,Group_0,2474,0.8086550906196949,0.02275507294094278,0.8123609013778972,0.4916754552800482,0.8132486361889754,0.5333333333333332,0.9866335922467473,1.0,0.004049875365939926,1.1102230246251565e-16,0.01157107247411382,0.0,0.12901806831359863
representation_bias_lr_true0.10,A,Group_1,248,0.8127049659856348,0.00036353538988733206,0.8128552104704418,0.8117546581159365,0.8130479317274647,0.5333333333333333,0.9982046647208611,1.0,0.004049875365939926,1.1102230246251565e-16,0.01157107247411382,0.0,0.12901806831359863
label_noise_sy_0.10,A,Group_0,1634,0.8097558386719793,0.019653391669839072,0.8126026463381483,0.5025327624477678,0.8132608842706801,0.5333333333333332,0.9897785866818457,1.0,0.0009371130313553522,1.1102230246251565e-16,0.002677465803872625,0.0,0.14245176315307617
label_noise_sy_0.10,A,Group_1,1666,0.808818725640624,0.02299510799581289,0.8126308862809897,0.49716206436556565,0.8132783873017093,0.5333333333333333,0.9871011208779731,1.0,0.0009371130313553522,1.1102230246251565e-16,0.002677465803872625,0.0,0.14245176315307617
hist_bias_Y_ly_0.20,A,Group_0,1634,0.8121813357980789,0.0131383234376458,0.8132993727515095,0.5820721092415373,0.8133299736251743,0.5333333333333332,0.9967085784707019,1.0,0.0008295719201943941,1.1102230246251565e-16,0.002370205486269983,0.0,0.10878992080688477
hist_bias_Y_ly_0.20,A,Group_1,1666,0.8113517638778845,0.01838930071186136,0.8133006884239762,0.46947340248486746,0.8133307854518664,0.5333333333333333,0.994338372984432,1.0,0.0008295719201943941,1.1102230246251565e-16,0.002370205486269983,0.0,0.10878992080688477
hist_bias_Q_lhq_0.20,A,Group_0,1634,0.8112604809942586,0.018174954164041485,0.8130717711984352,0.4653804198393185,0.8133102665152001,0.5333333333333332,0.9940775647455007,1.0,0.0007473488911213799,1.1102230246251565e-16,0.0021352825460608793,0.0,0.14809250831604004
hist_bias_Q_lhq_0.20,A,Group_1,1666,0.8105131321031372,0.020602401677949127,0.8130761382630239,0.468883543876898,0.8133132523715001,0.5333333333333333,0.9919422821994398,1.0,0.0007473488911213799,1.1102230246251565e-16,0.0021352825460608793,0.0,0.14809250831604004
hist_bias_R_lhr_0.20,A,Group_0,1634,0.8110970604144523,0.017212212114723343,0.8130508307145559,0.48050613477113613,0.8133053142763313,0.5333333333333332,0.9936106488031973,1.0,0.00032659811372637293,1.1102230246251565e-16,0.0009331374677896687,0.0,0.14809584617614746
hist_bias_R_lhr_0.20,A,Group_1,1666,0.8107704623007259,0.01996503530989061,0.8130624705490241,0.4633727929271233,0.8133118685991275,0.5333333333333333,0.9926775113354076,1.0,0.00032659811372637293,1.1102230246251565e-16,0.0009331374677896687,0.0,0.14809584617614746
interaction_bias_lyb_0.20,A,Group_0,1634,0.8079137478094809,0.02794289594623932,0.8127487036859921,0.48113788628358073,0.8132753934438856,0.5333333333333332,0.9845154699318502,1.0,0.0017371059533707323,1.1102230246251565e-16,0.004963159866773648,0.0,0.1473226547241211
interaction_bias_lyb_0.20,A,Group_1,1666,0.8061766418561102,0.03228064250733655,0.812771310093962,0.46847891219239773,0.8132893917415883,0.5333333333333333,0.9795523100650766,1.0,0.0017371059533707323,1.1102230246251565e-16,0.004963159866773648,0.0,0.1473226547241211
meas_bias_Y_linear_lmy_0.20,A,Group_0,1634,0.8121813357980789,0.0131383234376458,0.8132993727515095,0.5820721092415373,0.8133299736251743,0.5333333333333332,0.9967085784707019,1.0,0.0008295719201943941,1.1102230246251565e-16,0.002370205486269983,0.0,0.1470947265625
meas_bias_Y_linear_lmy_0.20,A,Group_1,1666,0.8113517638778845,0.01838930071186136,0.8133006884239762,0.46947340248486746,0.8133307854518664,0.5333333333333333,0.994338372984432,1.0,0.0008295719201943941,1.1102230246251565e-16,0.002370205486269983,0.0,0.1470947265625
meas_bias_Y_nonlinear_lmy_0.20,A,Group_0,1634,0.8113408214738929,0.017870225785722033,0.81311209650586,0.4793336522972633,0.8133114332532362,0.5333333333333332,0.9943071089730272,1.0,0.0008012015901810443,1.1102230246251565e-16,0.002289147400517111,0.0,0.14840078353881836
meas_bias_Y_nonlinear_lmy_0.20,A,Group_1,1666,0.8105396198837118,0.02105806367935948,0.8131206619668777,0.48310978583032016,0.8133167248368885,0.5333333333333333,0.9920179615725101,1.0,0.0008012015901810443,1.1102230246251565e-16,0.002289147400517111,0.0,0.14840078353881836
meas_bias_R_lm_0.20,A,Group_0,1634,0.7904898392221338,0.05967806696229808,0.8096111894378359,0.46571420021145576,0.8129553760401774,0.5333333333333332,0.9347328739680009,1.0,4.287167640326661e-05,1.1102230246251565e-16,0.00012249050400958694,0.0,0.1534121036529541
meas_bias_R_lm_0.20,A,Group_1,1666,0.790532710898537,0.05638133327384669,0.8096548742641592,0.46431821375225,0.8129906491008452,0.5333333333333333,0.9348553644720105,1.0,4.287167640326661e-05,1.1102230246251565e-16,0.00012249050400958694,0.0,0.1534121036529541
undersample_pu_0.20,A,Group_0,2475,0.8113884474212444,0.015585347829641601,0.8130234409780772,0.46579768277968936,0.8132998557622962,0.5333333333333333,0.9944431831083173,1.0,0.00038689237850297875,1.1102230246251565e-16,0.0011054067957226854,0.0,0.13848042488098145
undersample_pu_0.20,A,Group_1,495,0.8110015550427414,0.019148060513760515,0.8130136906690053,0.5395191742034428,0.8133092220618516,0.5333333333333332,0.9933377763125946,1.0,0.00038689237850297875,1.1102230246251565e-16,0.0011054067957226854,0.0,0.13848042488098145
representation_bias_lr_true0.20,A,Group_0,2475,0.8111575652478933,0.018477066396695527,0.8131542428595784,0.4673251745839957,0.8133165514586539,0.5333333333333333,0.9937835197558855,1.0,0.002044804957544888,1.1102230246251565e-16,0.005842299878699886,0.0,0.13368868827819824
representation_bias_lr_true0.20,A,Group_1,495,0.8132023702054382,7.694988629205769e-05,0.8132400101062406,0.8130103124709259,0.8132790216737965,0.5333333333333332,0.9996258196345854,1.0,0.002044804957544888,1.1102230246251565e-16,0.005842299878699886,0.0,0.13368868827819824
label_noise_sy_0.20,A,Group_0,1634,0.8109837328960972,0.019250162945965193,0.8131124721640154,0.47867106364559164,0.8133114704658257,0.5333333333333332,0.9932868558936112,1.0,0.0008276158114892684,1.1102230246251565e-16,0.002364616604255354,0.0,0.14343738555908203
label_noise_sy_0.20,A,Group_1,1666,0.8101561170846079,0.022593676275162677,0.8131210230919932,0.4822391147750909,0.8133167530585581,0.5333333333333333,0.9909222392893559,1.0,0.0008276158114892684,1.1102230246251565e-16,0.002364616604255354,0.0,0.14343738555908203
hist_bias_Y_ly_0.30,A,Group_0,1634,0.8089443907931874,0.021145330882281425,0.8123558834137007,0.5267683576108848,0.8132363400322162,0.5333333333333332,0.9874601641710119,1.0,0.0010391039451143058,1.1102230246251565e-16,0.0029688684146129685,0.0,0.10915374755859375
hist_bias_Y_ly_0.30,A,Group_1,1666,0.8079052868480731,0.02463860465231533,0.8123936282791452,0.5203521995078726,0.813259771168558,0.5333333333333333,0.9844912957563989,1.0,0.0010391039451143058,1.1102230246251565e-16,0.0029688684146129685,0.0,0.10915374755859375
hist_bias_Q_lhq_0.30,A,Group_0,1634,0.8105511902374443,0.019041568855299746,0.8128479990492837,0.46682909570647807,0.8132947260987099,0.5333333333333332,0.9920510197260312,1.0,0.0006624650980986413,1.1102230246251565e-16,0.00189275742313888,0.0,0.14728713035583496
hist_bias_Q_lhq_0.30,A,Group_1,1666,0.8098887251393456,0.02005172706079805,0.8128616219840002,0.5202962360321646,0.8132997233238913,0.5333333333333333,0.9901582623028923,1.0,0.0006624650980986413,1.1102230246251565e-16,0.00189275742313888,0.0,0.14728713035583496
hist_bias_R_lhr_0.30,A,Group_0,1634,0.8095439175605225,0.020852689487309593,0.8126150767116536,0.4711220493226608,0.8132613992022144,0.5333333333333332,0.9891730977919688,1.0,0.0001695848486499285,1.1102230246251565e-16,0.0004845281390000178,0.0,0.14655780792236328
hist_bias_R_lhr_0.30,A,Group_1,1666,0.8097135024091724,0.020739592607861387,0.8126402355631455,0.4719968619355423,0.8132779454212146,0.5333333333333333,0.9896576259309688,1.0,0.0001695848486499285,1.1102230246251565e-16,0.0004845281390000178,0.0,0.14655780792236328
interaction_bias_lyb_0.30,A,Group_0,1634,0.8035291315800991,0.036584624092611595,0.8118093926247588,0.46805086986380257,0.8131818439593517,0.5333333333333332,0.9719879949907595,1.0,0.002381315940760742,1.1102230246251565e-16,0.006803759830745326,0.0,0.14264369010925293
interaction_bias_lyb_0.30,A,Group_1,1666,0.8011478156393383,0.04263497761304169,0.8118681297751771,0.47475073289093594,0.8132184345689322,0.5333333333333333,0.9651842351600142,1.0,0.002381315940760742,1.1102230246251565e-16,0.006803759830745326,0.0,0.14264369010925293
meas_bias_Y_linear_lmy_0.30,A,Group_0,1634,0.8089443907931874,0.021145330882281425,0.8123558834137007,0.5267683576108848,0.8132363400322162,0.5333333333333332,0.9874601641710119,1.0,0.0010391039451143058,1.1102230246251565e-16,0.0029688684146129685,0.0,0.14266681671142578
meas_bias_Y_linear_lmy_0.30,A,Group_1,1666,0.8079052868480731,0.02463860465231533,0.8123936282791452,0.5203521995078726,0.813259771168558,0.5333333333333333,0.9844912957563989,1.0,0.0010391039451143058,1.1102230246251565e-16,0.0029688684146129685,0.0,0.14266681671142578
meas_bias_Y_nonlinear_lmy_0.30,A,Group_0,1634,0.8086273816248025,0.02169832814333443,0.8122464339674518,0.5267736289720131,0.8132254411356006,0.5333333333333332,0.9865544236899121,1.0,0.0010718203083436295,1.1102230246251565e-16,0.003062343738124862,0.0,0.14409852027893066
meas_bias_Y_nonlinear_lmy_0.30,A,Group_1,1666,0.8075555613164589,0.02522059126872059,0.8122883894669373,0.510997284100873,0.8132515044008815,0.5333333333333333,0.9834920799517872,1.0,0.0010718203083436295,1.1102230246251565e-16,0.003062343738124862,0.0,0.14409852027893066
meas_bias_R_lm_0.30,A,Group_0,1634,0.7903106052885804,0.05988907030630833,0.8096527609590574,0.4645797780761749,0.8129592823570986,0.5333333333333332,0.9342207770149915,1.0,3.8977851892996185e-05,1.1102230246251565e-16,0.00011136529112310001,0.0,0.1651444435119629
meas_bias_R_lm_0.30,A,Group_1,1666,0.7903495831404734,0.05678097502708909,0.8097234833799203,0.4653375391989192,0.8129925314710479,0.5333333333333333,0.9343321423061146,1.0,3.8977851892996185e-05,1.1102230246251565e-16,0.00011136529112310001,0.0,0.1651444435119629
undersample_pu_0.30,A,Group_0,2474,0.81192020510356,0.013465309121318152,0.8131594825425648,0.5664551905521742,0.8133203775066832,0.5333333333333332,0.9959624907720764,1.0,0.00022015903057348574,1.1102230246251565e-16,0.0006290258016383721,0.0,0.10667085647583008
undersample_pu_0.30,A,Group_1,743,0.8121403641341335,0.012394457371185176,0.8131686870192057,0.5983233195094692,0.8133197172685992,0.5333333333333333,0.9965915165737148,1.0,0.00022015903057348574,1.1102230246251565e-16,0.0006290258016383721,0.0,0.10667085647583008
representation_bias_lr_true0.30,A,Group_0,2474,0.8117995976080163,0.013840527710925784,0.8132170230604989,0.5277339148278942,0.8133247984108095,0.5333333333333332,0.9956178979276658,1.0,0.0014274846376649553,1.1102230246251565e-16,0.004078527536185428,0.0,0.14905333518981934
representation_bias_lr_true0.30,A,Group_1,743,0.8132270822456813,6.740061775737574e-05,0.8132542451658268,0.8130045108921989,0.81329534315865,0.5333333333333333,0.9996964254638512,1.0,0.0014274846376649553,1.1102230246251565e-16,0.004078527536185428,0.0,0.14905333518981934
label_noise_sy_0.30,A,Group_0,1634,0.8068548477325267,0.027267784835921665,0.8118923174498198,0.47788515427644407,0.8131901256183939,0.5333333333333332,0.9814900411405525,1.0,0.0013653366170504055,1.1102230246251565e-16,0.003900961763001587,0.0,0.14246392250061035
label_noise_sy_0.30,A,Group_1,1666,0.8054895111154763,0.03124056384872128,0.811947874334803,0.4817619739721982,0.8132247166597516,0.5333333333333333,0.9775890793775509,1.0,0.0013653366170504055,1.1102230246251565e-16,0.003900961763001587,0.0,0.14246392250061035
hist_bias_Y_ly_0.40,A,Group_0,1634,0.8078935720172682,0.023786907056690784,0.8120707941026983,0.5007237911540746,0.8132079349331223,0.5333333333333332,0.9844578248112428,1.0,0.0011464722954538376,1.1102230246251565e-16,0.0032756351298682818,0.0,0.1077573299407959
hist_bias_Y_ly_0.40,A,Group_1,1666,0.8067470997218144,0.02746288319136403,0.8121194999871174,0.495727944640214,0.8132382256937014,0.5333333333333333,0.9811821896813745,1.0,0.0011464722954538376,1.1102230246251565e-16,0.0032756351298682818,0.0,0.1077573299407959
hist_bias_Q_lhq_0.40,A,Group_0,1634,0.809970657764474,0.019543374097477403,0.8126607316812823,0.4692714168680896,0.8132832627147293,0.5333333333333332,0.9903923555175448,1.0,0.0007458517732530368,1.1102230246251565e-16,0.0021310050664373748,0.0,0.14728331565856934
hist_bias_Q_lhq_0.40,A,Group_1,1666,0.8092248059912209,0.021530155791645043,0.812664370695825,0.5382637239582604,0.8132897435010202,0.5333333333333333,0.9882613504511074,1.0,0.0007458517732530368,1.1102230246251565e-16,0.0021310050664373748,0.0,0.14728331565856934
hist_bias_R_lhr_0.40,A,Group_0,1634,0.8088085863701922,0.02385351996135012,0.8125394655274534,0.496147318922131,0.8132543979622494,0.5333333333333332,0.9870721515338823,1.0,0.0007271986905643679,1.1102230246251565e-16,0.002077710544469369,0.0,0.14479494094848633
hist_bias_R_lhr_0.40,A,Group_1,1666,0.8095357850607565,0.02074335311621236,0.8125620935296778,0.46935053077746586,0.8132722467204068,0.5333333333333333,0.9891498620783516,1.0,0.0007271986905643679,1.1102230246251565e-16,0.002077710544469369,0.0,0.14479494094848633
interaction_bias_lyb_0.40,A,Group_0,1634,0.8006342554184578,0.041951790719236874,0.8113092121810945,0.4711534710321712,0.8131317968473557,0.5333333333333332,0.963716920243213,1.0,0.0025609092090569385,1.1102230246251565e-16,0.007316883454448697,0.0,0.1410672664642334
interaction_bias_lyb_0.40,A,Group_1,1666,0.7980733462094008,0.048631336717921476,0.8113870930243792,0.46490479847254196,0.813180469189042,0.5333333333333333,0.9564000367887643,1.0,0.0025609092090569385,1.1102230246251565e-16,0.007316883454448697,0.0,0.1410672664642334
meas_bias_Y_linear_lmy_0.40,A,Group_0,1634,0.8078935720172682,0.023786907056690784,0.8120707941026983,0.5007237911540746,0.8132079349331223,0.5333333333333332,0.9844578248112428,1.0,0.0011464722954538376,1.1102230246251565e-16,0.0032756351298682818,0.0,0.14428305625915527
meas_bias_Y_linear_lmy_0.40,A,Group_1,1666,0.8067470997218144,0.02746288319136403,0.8121194999871174,0.495727944640214,0.8132382256937014,0.5333333333333333,0.9811821896813745,1.0,0.0011464722954538376,1.1102230246251565e-16,0.0032756351298682818,0.0,0.14428305625915527
meas_bias_Y_nonlinear_lmy_0.40,A,Group_0,1634,0.8104940345469699,0.020767143646137333,0.8129816685108724,0.46625178396244993,0.8132985076484551,0.5333333333333332,0.9918877177532471,1.0,0.0008503246154116795,1.1102230246251565e-16,0.0024294989011760526,0.0,0.14584064483642578
meas_bias_Y_nonlinear_lmy_0.40,A,Group_1,1666,0.8096437099315582,0.02361770901903982,0.8129952775538519,0.47031184445711094,0.8133069220730536,0.5333333333333333,0.9894582188520711,1.0,0.0008503246154116795,1.1102230246251565e-16,0.0024294989011760526,0.0,0.14584064483642578
meas_bias_R_lm_0.40,A,Group_0,1634,0.790226591642658,0.05987990646469366,0.8096571586131637,0.4641826883324993,0.8129615938744589,0.5333333333333332,0.9339807380266416,1.0,0.0007622298184279952,1.1102230246251565e-16,0.002177799481222542,0.0,0.14195013046264648
meas_bias_R_lm_0.40,A,Group_1,1666,0.78946436182423,0.060127813609564845,0.8097160709590724,0.46463939997795967,0.8129929795208283,0.5333333333333333,0.9318029385454191,1.0,0.0007622298184279952,1.1102230246251565e-16,0.002177799481222542,0.0,0.14195013046264648
undersample_pu_0.40,A,Group_0,2475,0.8125616267098186,0.010450641635874124,0.8133011917074408,0.5586337961767841,0.8133305605315524,0.5333333333333333,0.997795123932815,1.0,7.279905596635494e-05,0.0,0.00020799730276099826,0.0,0.14517807960510254
undersample_pu_0.40,A,Group_1,990,0.8126344257657849,0.009020833130694765,0.8133030748188967,0.6040838445456628,0.8133313160397345,0.5333333333333333,0.998003121235576,1.0,7.279905596635494e-05,0.0,0.00020799730276099826,0.0,0.14517807960510254
representation_bias_lr_true0.40,A,Group_0,2475,0.8076854053167845,0.02770340479518619,0.8123447002402412,0.4658787598483951,0.8132473852900479,0.5333333333333333,0.9838630628098606,1.0,0.004191549679729234,0.0,0.011975856227797621,0.0,0.1490001678466797
representation_bias_lr_true0.40,A,Group_1,990,0.8118769549965137,0.0011965079954767142,0.8122559140061429,0.8064015786052285,0.8130146067438033,0.5333333333333333,0.9958389190376582,1.0,0.004191549679729234,0.0,0.011975856227797621,0.0,0.1490001678466797
label_noise_sy_0.40,A,Group_0,1634,0.8060555642953315,0.029868856263379973,0.8117879006582055,0.4676099560950633,0.8131796968430038,0.5333333333333332,0.979206374177138,1.0,0.0016881608879566468,1.1102230246251565e-16,0.004823316822733514,0.0,0.15347003936767578
label_noise_sy_0.40,A,Group_1,1666,0.8043674034073749,0.034382635667632354,0.8118474617523618,0.47480477395149906,0.8132168058492228,0.5333333333333333,0.9743830573544044,1.0,0.0016881608879566468,1.1102230246251565e-16,0.004823316822733514,0.0,0.15347003936767578
hist_bias_Y_ly_0.50,A,Group_0,1634,0.809069332599045,0.022291010893769597,0.812537611084924,0.5073460395590614,0.8132544193414493,0.5333333333333332,0.9878171407591765,1.0,0.0010505429124816335,1.1102230246251565e-16,0.0030015511785190796,0.0,0.10907220840454102
hist_bias_Y_ly_0.50,A,Group_1,1666,0.8080187896865634,0.025891141214908125,0.8125683576567541,0.50266965174902,0.8132734839063298,0.5333333333333333,0.9848155895806574,1.0,0.0010505429124816335,1.1102230246251565e-16,0.0030015511785190796,0.0,0.10907220840454102
hist_bias_Q_lhq_0.50,A,Group_0,1634,0.8107974354644126,0.01844202957675234,0.8129370435573894,0.4875245113572253,0.8133061223232305,0.5333333333333332,0.9927545775173694,1.0,0.0007056292416685039,1.1102230246251565e-16,0.002016083547624059,0.0,0.14807844161987305
hist_bias_Q_lhq_0.50,A,Group_1,1666,0.8100918062227441,0.020398710003114513,0.8129304077870216,0.5068016299044722,0.8133106832126903,0.5333333333333333,0.9907384939697453,1.0,0.0007056292416685039,1.1102230246251565e-16,0.002016083547624059,0.0,0.14807844161987305
hist_bias_R_lhr_0.50,A,Group_0,1634,0.8106562711321479,0.018189297711546426,0.8129932827160902,0.48121577131207793,0.8132999725040074,0.5333333333333332,0.9923512508537562,1.0,0.0004979745373074884,1.1102230246251565e-16,0.0014227843923066974,0.0,0.13973069190979004
hist_bias_R_lhr_0.50,A,Group_1,1666,0.8111542456694554,0.016374870893343427,0.8130086570099004,0.4909389650168342,0.8133073863226601,0.5333333333333333,0.9937740352460629,1.0,0.0004979745373074884,1.1102230246251565e-16,0.0014227843923066974,0.0,0.13973069190979004
interaction_bias_lyb_0.50,A,Group_0,1634,0.8040693080409893,0.03647943714328836,0.8129693060917991,0.46355159349040687,0.8132972819510365,0.5333333333333332,0.9735313563075886,1.0,0.0019284647419909318,1.1102230246251565e-16,0.005509899262831741,0.0,0.14178133010864258
interaction_bias_lyb_0.50,A,Group_1,1666,0.8021408432989984,0.04086879481715356,0.8129833929481948,0.46737012837605446,0.8133059924941849,0.5333333333333333,0.9680214570447568,1.0,0.0019284647419909318,1.1102230246251565e-16,0.005509899262831741,0.0,0.14178133010864258
meas_bias_Y_linear_lmy_0.50,A,Group_0,1634,0.809069332599045,0.022291010893769597,0.812537611084924,0.5073460395590614,0.8132544193414493,0.5333333333333332,0.9878171407591765,1.0,0.0010505429124816335,1.1102230246251565e-16,0.0030015511785190796,0.0,0.14436674118041992
meas_bias_Y_linear_lmy_0.50,A,Group_1,1666,0.8080187896865634,0.025891141214908125,0.8125683576567541,0.50266965174902,0.8132734839063298,0.5333333333333333,0.9848155895806574,1.0,0.0010505429124816335,1.1102230246251565e-16,0.0030015511785190796,0.0,0.14436674118041992
meas_bias_Y_nonlinear_lmy_0.50,A,Group_0,1634,0.8104352339833995,0.021207672271789657,0.813017746785735,0.4647743993075125,0.8133020841448928,0.5333333333333332,0.9917197161430461,1.0,0.0008708091159664866,1.1102230246251565e-16,0.0024880260456185965,0.0,0.14237332344055176
meas_bias_Y_nonlinear_lmy_0.50,A,Group_1,1666,0.809564424867433,0.024101639814069785,0.8130299611536258,0.4748329770708797,0.8133096345057331,0.5333333333333333,0.9892316900974275,1.0,0.0008708091159664866,1.1102230246251565e-16,0.0024880260456185965,0.0,0.14237332344055176
meas_bias_R_lm_0.50,A,Group_0,1634,0.7908196051655749,0.0572524105142739,0.8097037040249566,0.46450225415025836,0.812968312206242,0.5333333333333332,0.935675062377833,1.0,0.0017028328979152851,1.1102230246251565e-16,0.00486523685118645,0.0,0.14453411102294922
meas_bias_R_lm_0.50,A,Group_1,1666,0.7891167722676596,0.06142135324544553,0.8097467357761172,0.46340280450018745,0.8129974944219744,0.5333333333333333,0.9308098255266466,1.0,0.0017028328979152851,1.1102230246251565e-16,0.00486523685118645,0.0,0.14453411102294922
undersample_pu_0.50,A,Group_0,2475,0.8117235682286372,0.015582808018031646,0.8130906929672773,0.47260768504994666,0.8133192021424569,0.5333333333333333,0.9954006711294398,1.0,0.00019735373578166904,0.0,0.0005638678165190703,0.0,0.12370634078979492
undersample_pu_0.50,A,Group_1,1238,0.8115262144928556,0.014730873139424446,0.8131017070822895,0.4926404832896998,0.8133184555712178,0.5333333333333333,0.9948368033129207,1.0,0.00019735373578166904,0.0,0.0005638678165190703,0.0,0.12370634078979492
representation_bias_lr_true0.50,A,Group_0,2475,0.8103937477254177,0.01864128535603706,0.8128098947996538,0.481412687883447,0.813308524984999,0.5333333333333333,0.991601183977384,1.0,0.0022404618472667837,0.0,0.006401319563619556,0.0,0.15638256072998047
representation_bias_lr_true0.50,A,Group_1,1238,0.8126342095726845,0.0006906533084602681,0.8128528374537767,0.8080924816093874,0.8132318377932046,0.5333333333333333,0.9980025035410035,1.0,0.0022404618472667837,0.0,0.006401319563619556,0.0,0.15638256072998047
label_noise_sy_0.50,A,Group_0,1634,0.8040807986463511,0.03411878951037819,0.8112242268516789,0.46827854131617747,0.813123277252812,0.5333333333333332,0.973564186608622,1.0,0.0022203464571592946,1.1102230246251565e-16,0.006343847020454874,0.0,0.10894656181335449
label_noise_sy_0.50,A,Group_1,1666,0.8018604521891918,0.039828060031126995,0.8113053537672883,0.4641054661668802,0.8131740059590683,0.5333333333333333,0.9672203395881671,1.0,0.0022203464571592946,1.1102230246251565e-16,0.006343847020454874,0.0,0.10894656181335449
hist_bias_Y_ly_0.60,A,Group_0,1634,0.8096860665859018,0.022648778390684517,0.8128480107120439,0.467415421494881,0.8132852506907197,0.5333333333333332,0.9895792378644813,1.0,0.0010081738189986478,1.1102230246251565e-16,0.002880496625710549,0.0,0.11000752449035645
hist_bias_Y_ly_0.60,A,Group_1,1666,0.8086778927669032,0.025910592049375025,0.8128667835361931,0.4752751009904093,0.8132968677843332,0.5333333333333333,0.9866987412387708,1.0,0.0010081738189986478,1.1102230246251565e-16,0.002880496625710549,0.0,0.11000752449035645
hist_bias_Q_lhq_0.60,A,Group_0,1634,0.8107357403471984,0.018453298248659884,0.8129111471898968,0.48831827324277755,0.8133064034745608,0.5333333333333332,0.9925783057539003,1.0,0.0006749054430656987,1.1102230246251565e-16,0.0019283012659019327,0.0,0.14604949951171875
hist_bias_Q_lhq_0.60,A,Group_1,1666,0.8100608349041327,0.02025214025628442,0.8129020714350429,0.5129281569402063,0.8133109172434814,0.5333333333333333,0.9906500044879983,1.0,0.0006749054430656987,1.1102230246251565e-16,0.0019283012659019327,0.0,0.14604949951171875
hist_bias_R_lhr_0.60,A,Group_0,1634,0.8117867711491226,0.015503996251659304,0.8132754984576944,0.568807412499276,0.8133277513754045,0.5333333333333332,0.9955812509022548,1.0,0.0005274182471446398,1.1102230246251565e-16,0.0015069092775565895,0.0,0.15255522727966309
hist_bias_R_lhr_0.60,A,Group_1,1666,0.8123141893962672,0.012782220484977298,0.8132793111142443,0.4866015376616435,0.8133289699870894,0.5333333333333333,0.9970881601798114,1.0,0.0005274182471446398,1.1102230246251565e-16,0.0015069092775565895,0.0,0.15255522727966309
interaction_bias_lyb_0.60,A,Group_0,1634,0.8002847053379851,0.04281217356101119,0.8121862790884736,0.4911681962725707,0.8132194476746808,0.5333333333333332,0.9627182057275764,1.0,0.0021218275917108675,1.1102230246251565e-16,0.006062364547745669,0.0,0.1453719139099121
interaction_bias_lyb_0.60,A,Group_1,1666,0.7981628777462743,0.04816853487549005,0.8122305474510674,0.4948978523310764,0.8132469583194651,0.5333333333333333,0.9566558411798307,1.0,0.0021218275917108675,1.1102230246251565e-16,0.006062364547745669,0.0,0.1453719139099121
meas_bias_Y_linear_lmy_0.60,A,Group_0,1634,0.8096860665859018,0.022648778390684517,0.8128480107120439,0.467415421494881,0.8132852506907197,0.5333333333333332,0.9895792378644813,1.0,0.0010081738189986478,1.1102230246251565e-16,0.002880496625710549,0.0,0.1458592414855957
meas_bias_Y_linear_lmy_0.60,A,Group_1,1666,0.8086778927669032,0.025910592049375025,0.8128667835361931,0.4752751009904093,0.8132968677843332,0.5333333333333333,0.9866987412387708,1.0,0.0010081738189986478,1.1102230246251565e-16,0.002880496625710549,0.0,0.1458592414855957
meas_bias_Y_nonlinear_lmy_0.60,A,Group_0,1634,0.8113386470176054,0.01684202465594225,0.8132794931771206,0.5655688337115514,0.8133280066052052,0.5333333333333332,0.9943008962407772,1.0,0.000917541689968493,1.1102230246251565e-16,0.0026215476856240594,0.0,0.14506125450134277
meas_bias_Y_nonlinear_lmy_0.60,A,Group_1,1666,0.8104211053276369,0.02163285033875188,0.8132815788650705,0.4895175222291217,0.8133292937280243,0.5333333333333333,0.9916793485551532,1.0,0.000917541689968493,1.1102230246251565e-16,0.0026215476856240594,0.0,0.14506125450134277
meas_bias_R_lm_0.60,A,Group_0,1634,0.7908384334113733,0.05725907997390583,0.8097538194943463,0.47017649402982264,0.8129735256496351,0.5333333333333332,0.9357288573658287,1.0,0.0016357540276673577,1.1102230246251565e-16,0.004673582936192688,0.0,0.14871668815612793
meas_bias_R_lm_0.60,A,Group_1,1666,0.7892026793837059,0.060792730547592336,0.8098075170387491,0.4707710190976899,0.8130006695100879,0.5333333333333333,0.931055274429636,1.0,0.0016357540276673577,1.1102230246251565e-16,0.004673582936192688,0.0,0.14871668815612793
undersample_pu_0.60,A,Group_0,2475,0.8108608576654343,0.019339799063422092,0.8130483247014715,0.4643814469463957,0.8133121584781847,0.5333333333333333,0.9929357838060024,1.0,0.0004256496040109248,0.0,0.0012161417257453566,0.0,0.16788601875305176
undersample_pu_0.60,A,Group_1,1485,0.8104352080614233,0.022267213660784206,0.8130528882965017,0.4715712020494193,0.8133111296517251,0.5333333333333333,0.9917196420802571,1.0,0.0004256496040109248,0.0,0.0012161417257453566,0.0,0.16788601875305176
representation_bias_lr_true0.60,A,Group_0,2475,0.8084134291772332,0.022195527759582844,0.8121386356109704,0.4975291750635925,0.8132435158182055,0.5333333333333333,0.9859431309825709,1.0,0.002536114726641281,0.0,0.007246042076117676,0.0,0.1874396800994873
representation_bias_lr_true0.60,A,Group_1,1485,0.805877314450592,0.02774651567626366,0.8112074393964431,0.48320605325508564,0.8128628581311388,0.5333333333333333,0.9786970889064532,1.0,0.002536114726641281,0.0,0.007246042076117676,0.0,0.1874396800994873
label_noise_sy_0.60,A,Group_0,1634,0.8030826659643084,0.036518215195778865,0.8110753898696967,0.46723827631075293,0.8131083453593512,0.5333333333333332,0.9707123789456432,1.0,0.002477844381588379,1.1102230246251565e-16,0.007079555375966828,0.0,0.1493232250213623
label_noise_sy_0.60,A,Group_1,1666,0.8006048215827201,0.04288143453847158,0.8111621970817444,0.4702234469816338,0.8131626779299649,0.5333333333333333,0.9636328235696764,1.0,0.002477844381588379,1.1102230246251565e-16,0.007079555375966828,0.0,0.1493232250213623
hist_bias_Y_ly_0.70,A,Group_0,1634,0.8095056267035847,0.023625027388797317,0.8128815642347789,0.46482068335121385,0.813288579797913,0.5333333333333332,0.9890636953435752,1.0,0.0010753578080068271,1.1102230246251565e-16,0.003072450880019617,0.0,0.11595797538757324
hist_bias_Y_ly_0.70,A,Group_1,1666,0.8084302688955779,0.026862938535037385,0.8128990411874857,0.4753231556707116,0.8132993926540928,0.5333333333333333,0.9859912444635556,1.0,0.0010753578080068271,1.1102230246251565e-16,0.003072450880019617,0.0,0.11595797538757324
hist_bias_Q_lhq_0.70,A,Group_0,1634,0.8110855456874129,0.017933651764019842,0.8130188177188964,0.4653807710801088,0.8133143828967249,0.5333333333333332,0.9935777495830842,1.0,0.0007128057179054403,1.1102230246251565e-16,0.00203658776544402,0.0,0.1544187068939209
hist_bias_Q_lhq_0.70,A,Group_1,1666,0.8103727399695074,0.020098388701526044,0.8130074801015885,0.5105481025765448,0.8133175592936668,0.5333333333333333,0.9915411618176402,1.0,0.0007128057179054403,1.1102230246251565e-16,0.00203658776544402,0.0,0.1544187068939209
hist_bias_R_lhr_0.70,A,Group_0,1634,0.81206736447037,0.013873526156172426,0.8132858804251455,0.4720634725344118,0.8133287954581006,0.5333333333333332,0.9963829461058191,1.0,0.00020232505840644954,1.1102230246251565e-16,0.0005780715954468718,0.0,0.1491103172302246
hist_bias_R_lhr_0.70,A,Group_1,1666,0.8122696895287764,0.013035653578540484,0.8132895223950247,0.48723338681944167,0.8133297681858936,0.5333333333333333,0.996961017701266,1.0,0.00020232505840644954,1.1102230246251565e-16,0.0005780715954468718,0.0,0.1491103172302246
interaction_bias_lyb_0.70,A,Group_0,1634,0.800200880404189,0.04277288924463897,0.8126556854430516,0.4907701056302225,0.8132661546965615,0.5333333333333332,0.9624787059167308,1.0,0.0018961765867473446,1.1102230246251565e-16,0.005417647390706937,0.0,0.14471936225891113
interaction_bias_lyb_0.70,A,Group_1,1666,0.7983047038174417,0.047339827697236596,0.8126818802866329,0.4790232637842169,0.8132823846726396,0.5333333333333333,0.9570610585260239,1.0,0.0018961765867473446,1.1102230246251565e-16,0.005417647390706937,0.0,0.14471936225891113
meas_bias_Y_linear_lmy_0.70,A,Group_0,1634,0.8095056267035847,0.023625027388797317,0.8128815642347789,0.46482068335121385,0.813288579797913,0.5333333333333332,0.9890636953435752,1.0,0.0010753578080068271,1.1102230246251565e-16,0.003072450880019617,0.0,0.1473984718322754
meas_bias_Y_linear_lmy_0.70,A,Group_1,1666,0.8084302688955779,0.026862938535037385,0.8128990411874857,0.4753231556707116,0.8132993926540928,0.5333333333333333,0.9859912444635556,1.0,0.0010753578080068271,1.1102230246251565e-16,0.003072450880019617,0.0,0.1473984718322754
meas_bias_Y_nonlinear_lmy_0.70,A,Group_0,1634,0.8102723556248144,0.021850012306589714,0.8131005428163303,0.4737146949885952,0.8133102887040797,0.5333333333333332,0.9912543494042317,1.0,0.0009994577785660264,1.1102230246251565e-16,0.0028555936530459958,0.0,0.14085006713867188
meas_bias_Y_nonlinear_lmy_0.70,A,Group_1,1666,0.8092728978462483,0.025245432889460552,0.8131095552351479,0.47709471270617526,0.813315856820947,0.5333333333333333,0.9883987557511857,1.0,0.0009994577785660264,1.1102230246251565e-16,0.0028555936530459958,0.0,0.14085006713867188
meas_bias_R_lm_0.70,A,Group_0,1634,0.7907219829290645,0.0576152397740571,0.8097222650479939,0.4651991778782032,0.8129750608790159,0.5333333333333332,0.9353961417020888,1.0,0.001726147222424368,1.1102230246251565e-16,0.004931849206926464,0.0,0.14319825172424316
meas_bias_R_lm_0.70,A,Group_1,1666,0.7889958357066401,0.06162630059367801,0.8098447685169141,0.4642570408117058,0.8130004653704066,0.5333333333333333,0.9304642924951624,1.0,0.001726147222424368,1.1102230246251565e-16,0.004931849206926464,0.0,0.14319825172424316
undersample_pu_0.70,A,Group_0,2475,0.8110621809158377,0.01791045144795289,0.8131163408642511,0.5172341906524163,0.8133131166909956,0.5333333333333333,0.9935109930928699,1.0,0.00029707412724533366,1.1102230246251565e-16,0.0008487832207009216,0.0,0.14513778686523438
undersample_pu_0.70,A,Group_1,1733,0.811359255043083,0.016604267952852275,0.8131097832445837,0.47097519606660326,0.8133175942700703,0.5333333333333332,0.9943597763135709,1.0,0.00029707412724533366,1.1102230246251565e-16,0.0008487832207009216,0.0,0.14513778686523438
representation_bias_lr_true0.70,A,Group_0,2475,0.8115323124513159,0.01770576530806072,0.8131996128917182,0.479847598941459,0.8133240658646418,0.5333333333333333,0.9948542260513786,1.0,0.0003261956493625373,1.1102230246251565e-16,0.0009319875696073288,0.0,0.16675281524658203
representation_bias_lr_true0.70,A,Group_1,1733,0.8112061168019533,0.015624535744862167,0.8131285894329469,0.5747774906545777,0.8132960633361958,0.5333333333333332,0.9939222384817713,1.0,0.0003261956493625373,1.1102230246251565e-16,0.0009319875696073288,0.0,0.16675281524658203
label_noise_sy_0.70,A,Group_0,1634,0.7982288392415837,0.04279253041660535,0.8093577135082466,0.4676709307523239,0.8129349730033408,0.5333333333333332,0.956844302595001,1.0,0.003144657272938556,1.1102230246251565e-16,0.00898473506553843,0.0,0.1411583423614502
label_noise_sy_0.70,A,Group_1,1666,0.7950841819686452,0.05196825204063244,0.8095096481292737,0.4645575494802735,0.8130311282129254,0.5333333333333333,0.9478595675294625,1.0,0.003144657272938556,1.1102230246251565e-16,0.00898473506553843,0.0,0.1411583423614502
hist_bias_Y_ly_0.80,A,Group_0,1634,0.8087844425024966,0.02497921149289104,0.8127172972532681,0.48562233546421585,0.8132722747174735,0.5333333333333332,0.9870031690547519,1.0,0.0012684936329436791,1.1102230246251565e-16,0.0036242675226958454,0.0,0.11267733573913574
hist_bias_Y_ly_0.80,A,Group_1,1666,0.8075159488695529,0.028736586965625498,0.8127411155085611,0.47368443618211,0.8132870263759375,0.5333333333333333,0.9833789015320561,1.0,0.0012684936329436791,1.1102230246251565e-16,0.0036242675226958454,0.0,0.11267733573913574
hist_bias_Q_lhq_0.80,A,Group_0,1634,0.8106223619745161,0.018430532208807995,0.8128838023481648,0.49422693372976145,0.8133084325037303,0.5333333333333332,0.9922543675462365,1.0,0.000774337435600625,1.1102230246251565e-16,0.0022123926731447696,0.0,0.1542055606842041
hist_bias_Q_lhq_0.80,A,Group_1,1666,0.8098480245389155,0.021210303769527917,0.8128583847415014,0.4875261399799605,0.8133126062080833,0.5333333333333333,0.9900419748730918,1.0,0.000774337435600625,1.1102230246251565e-16,0.0022123926731447696,0.0,0.1542055606842041
hist_bias_R_lhr_0.80,A,Group_0,1634,0.8110987958178212,0.01703717238580566,0.8130327920680455,0.46759467639512386,0.8133049957068043,0.5333333333333332,0.9936156070985362,1.0,0.00038862020789187657,1.1102230246251565e-16,0.0011103434511200438,0.0,0.14517474174499512
hist_bias_R_lhr_0.80,A,Group_1,1666,0.8114874160257131,0.015015515951417173,0.8130618635167941,0.5316461664824015,0.8133109570289007,0.5333333333333333,0.9947259505496563,1.0,0.00038862020789187657,1.1102230246251565e-16,0.0011103434511200438,0.0,0.14517474174499512
interaction_bias_lyb_0.80,A,Group_0,1634,0.7980187725788899,0.045949479834889784,0.8124452194833851,0.5090008672747939,0.8132452303460722,0.5333333333333332,0.9562441121301613,1.0,0.0018582242960606399,1.1102230246251565e-16,0.005309212274458575,0.0,0.15060973167419434
interaction_bias_lyb_0.80,A,Group_1,1666,0.7961605482828292,0.0505160665573623,0.8124795251342282,0.4989721107825361,0.8132665143194093,0.5333333333333333,0.9509348998557027,1.0,0.0018582242960606399,1.1102230246251565e-16,0.005309212274458575,0.0,0.15060973167419434
meas_bias_Y_linear_lmy_0.80,A,Group_0,1634,0.8087844425024966,0.02497921149289104,0.8127172972532681,0.48562233546421585,0.8132722747174735,0.5333333333333332,0.9870031690547519,1.0,0.0012684936329436791,1.1102230246251565e-16,0.0036242675226958454,0.0,0.14838218688964844
meas_bias_Y_linear_lmy_0.80,A,Group_1,1666,0.8075159488695529,0.028736586965625498,0.8127411155085611,0.47368443618211,0.8132870263759375,0.5333333333333333,0.9833789015320561,1.0,0.0012684936329436791,1.1102230246251565e-16,0.0036242675226958454,0.0,0.14838218688964844
meas_bias_Y_nonlinear_lmy_0.80,A,Group_0,1634,0.8089771238567742,0.02485857321517801,0.8127947973495102,0.47528231174224067,0.8132799695003822,0.5333333333333332,0.9875536872098309,1.0,0.0012440974588080467,1.1102230246251565e-16,0.0035545641680230222,0.0,0.1511683464050293
meas_bias_Y_nonlinear_lmy_0.80,A,Group_1,1666,0.8077330263979662,0.02852427688309989,0.8128156247140068,0.46529893284879825,0.8132928623810555,0.5333333333333333,0.9839991230418079,1.0,0.0012440974588080467,1.1102230246251565e-16,0.0035545641680230222,0.0,0.1511683464050293
meas_bias_R_lm_0.80,A,Group_0,1634,0.7908144706489879,0.0574501763813315,0.8097499547539824,0.4647648264210531,0.8129767832674459,0.5333333333333332,0.9356603923304417,1.0,0.0017507995351734307,1.1102230246251565e-16,0.005002284386209976,0.0,0.1492443084716797
meas_bias_R_lm_0.80,A,Group_1,1666,0.7890636711138145,0.06143081029625111,0.8098507733214522,0.4636792157725294,0.8130004413029724,0.5333333333333333,0.9306581079442318,1.0,0.0017507995351734307,1.1102230246251565e-16,0.005002284386209976,0.0,0.1492443084716797
undersample_pu_0.80,A,Group_0,2475,0.8109992229399239,0.01577358649719196,0.8129080429106215,0.5235162444415631,0.8133049254339276,0.5333333333333333,0.9933311131616872,1.0,0.00021898910377882164,0.0,0.0006256831536537444,0.0,0.17890000343322754
undersample_pu_0.80,A,Group_1,1980,0.8112182120437027,0.014502451070697071,0.8129184394514464,0.4983740803701554,0.8133035031067146,0.5333333333333333,0.993956796315341,1.0,0.00021898910377882164,0.0,0.0006256831536537444,0.0,0.17890000343322754
representation_bias_lr_true0.80,A,Group_0,2475,0.8097893828621548,0.019469216640552765,0.8125994638896509,0.47952707531276745,0.8132814857053466,0.5333333333333333,0.9898744272252042,1.0,0.00043734403720407933,0.0,0.001249554392011687,0.0,0.18648624420166016
representation_bias_lr_true0.80,A,Group_1,1980,0.8093520388249508,0.01999694621943041,0.8123153712431057,0.49311483815098434,0.8130722998763551,0.5333333333333333,0.9886248728331926,1.0,0.00043734403720407933,0.0,0.001249554392011687,0.0,0.18648624420166016
label_noise_sy_0.80,A,Group_0,1634,0.7947268495106622,0.04673634124388718,0.8080586097678162,0.4672492815311343,0.8128025539637173,0.5333333333333332,0.946838617649511,1.0,0.003208730042333463,1.1102230246251565e-16,0.009167800120952752,0.0,0.14203619956970215
label_noise_sy_0.80,A,Group_1,1666,0.7915181194683287,0.05648668051266808,0.8082592790822175,0.4687864012670967,0.8129306261104677,0.5333333333333333,0.9376708175285583,1.0,0.003208730042333463,1.1102230246251565e-16,0.009167800120952752,0.0,0.14203619956970215
hist_bias_Y_ly_0.90,A,Group_0,1634,0.8074777756667247,0.027470080518873494,0.8123552186217589,0.518230543708572,0.8132362738559646,0.5333333333333332,0.9832698352382612,1.0,0.0015667429042997005,1.1102230246251565e-16,0.004476408297998891,0.0,0.1092674732208252
hist_bias_Y_ly_0.90,A,Group_1,1666,0.805911032762425,0.03171513191524698,0.8123929890720643,0.511408286284961,0.8132597209746161,0.5333333333333333,0.9787934269402623,1.0,0.0015667429042997005,1.1102230246251565e-16,0.004476408297998891,0.0,0.1092674732208252
hist_bias_Q_lhq_0.90,A,Group_0,1634,0.810692242750987,0.018184823539804464,0.8129093591946914,0.4924137020974333,0.8133119627160665,0.5333333333333332,0.992454026907582,1.0,0.0007324303093516615,1.1102230246251565e-16,0.0020926580267192074,0.0,0.15467262268066406
hist_bias_Q_lhq_0.90,A,Group_1,1666,0.8099598124416353,0.021046253753556527,0.8128848344398795,0.48773480106113265,0.8133155447483074,0.5333333333333333,0.9903613688808628,1.0,0.0007324303093516615,1.1102230246251565e-16,0.0020926580267192074,0.0,0.15467262268066406
hist_bias_R_lhr_0.90,A,Group_0,1634,0.8082154549744888,0.02281762284113118,0.8120781401834123,0.4641431749881688,0.8132144245885271,0.5333333333333332,0.9853774904033014,1.0,0.0009010424288522501,1.1102230246251565e-16,0.002574406939577889,0.0,0.16877317428588867
hist_bias_R_lhr_0.90,A,Group_1,1666,0.809116497403341,0.019448584276188625,0.8122179914722698,0.4972354411768221,0.8132389577305421,0.5333333333333333,0.9879518973428792,1.0,0.0009010424288522501,1.1102230246251565e-16,0.002574406939577889,0.0,0.16877317428588867
interaction_bias_lyb_0.90,A,Group_0,1634,0.7984387856065769,0.04466319729633445,0.8130715665123183,0.46416762512675236,0.8133074178346827,0.5333333333333332,0.9574441493521246,1.0,0.0015218322283501173,1.1102230246251565e-16,0.00434809208100051,0.0,0.1436159610748291
interaction_bias_lyb_0.90,A,Group_1,1666,0.7969169533782268,0.04817886292530309,0.8130816997315594,0.4671645468525826,0.813313679571482,0.5333333333333333,0.9530960572711241,1.0,0.0015218322283501173,1.1102230246251565e-16,0.00434809208100051,0.0,0.1436159610748291
meas_bias_Y_linear_lmy_0.90,A,Group_0,1634,0.8074777756667247,0.027470080518873494,0.8123552186217589,0.518230543708572,0.8132362738559646,0.5333333333333332,0.9832698352382612,1.0,0.0015667429042997005,1.1102230246251565e-16,0.004476408297998891,0.0,0.1459035873413086
meas_bias_Y_linear_lmy_0.90,A,Group_1,1666,0.805911032762425,0.03171513191524698,0.8123929890720643,0.511408286284961,0.8132597209746161,0.5333333333333333,0.9787934269402623,1.0,0.0015667429042997005,1.1102230246251565e-16,0.004476408297998891,0.0,0.1459035873413086
meas_bias_Y_nonlinear_lmy_0.90,A,Group_0,1634,0.8083878778962984,0.026045252142030042,0.812669907588387,0.4910450750565333,0.813267567625822,0.5333333333333332,0.985870127322757,1.0,0.0014187643188655619,1.1102230246251565e-16,0.004053612339615875,0.0,0.1441500186920166
meas_bias_Y_nonlinear_lmy_0.90,A,Group_1,1666,0.8069691135774328,0.02999231610329338,0.8126955539225333,0.48021391018987636,0.813283456307058,0.5333333333333333,0.9818165149831412,1.0,0.0014187643188655619,1.1102230246251565e-16,0.004053612339615875,0.0,0.1441500186920166
meas_bias_R_lm_0.90,A,Group_0,1634,0.7906894017907895,0.05802168376621019,0.8097846007913729,0.4710034226588163,0.8129806104930559,0.5333333333333332,0.9353030527355889,1.0,0.0014108041260707527,1.1102230246251565e-16,0.004030868931630849,0.0,0.1454460620880127
meas_bias_R_lm_0.90,A,Group_1,1666,0.7892785976647188,0.06024715880462171,0.8099208329445766,0.46384923820608287,0.8130023992768356,0.5333333333333333,0.931272183803958,1.0,0.0014108041260707527,1.1102230246251565e-16,0.004030868931630849,0.0,0.1454460620880127
undersample_pu_0.90,A,Group_0,2475,0.8115213917165495,0.013634009322511437,0.8130106556738076,0.5564014870150609,0.8133123953428372,0.5333333333333333,0.9948230239520457,1.0,5.738641406916045e-05,1.1102230246251565e-16,0.00016396118305517238,0.0,0.1533799171447754
undersample_pu_0.90,A,Group_1,2228,0.8115787781306186,0.012971221196330813,0.813008183013229,0.5190721484092842,0.8133112985216404,0.5333333333333332,0.9949869851351009,1.0,5.738641406916045e-05,1.1102230246251565e-16,0.00016396118305517238,0.0,0.1533799171447754
representation_bias_lr_true0.90,A,Group_0,2475,0.8112209637311286,0.01590002486546638,0.8130343834906182,0.5527107999509913,0.8133119376683767,0.5333333333333333,0.9939646582794152,1.0,0.0005131101746151945,1.1102230246251565e-16,0.0014660290703293333,0.0,0.2018294334411621
representation_bias_lr_true0.90,A,Group_1,2228,0.8107078535565134,0.01958252176091022,0.8129880415552317,0.4649251616527543,0.8132512435869635,0.5333333333333332,0.9924986292090858,1.0,0.0005131101746151945,1.1102230246251565e-16,0.0014660290703293333,0.0,0.2018294334411621
label_noise_sy_0.90,A,Group_0,1634,0.797124554257729,0.04550949387577204,0.8094789357028265,0.4653541563810559,0.8129472721240464,0.5333333333333332,0.9536892026411308,1.0,0.003049771901370013,1.1102230246251565e-16,0.008713634003914228,0.0,0.14441823959350586
label_noise_sy_0.90,A,Group_1,1666,0.794074782356359,0.0543377300802951,0.8096262998408007,0.46376414514433084,0.813040461712589,0.5333333333333333,0.9449755686372165,1.0,0.003049771901370013,1.1102230246251565e-16,0.008713634003914228,0.0,0.14441823959350586
hist_bias_Y_ly_1.00,A,Group_0,1634,0.8079426204391896,0.027201269186112688,0.8126215166112098,0.496072099964665,0.8132627595914808,0.5333333333333332,0.9845979631595895,1.0,0.0016089450000735805,1.1102230246251565e-16,0.004596985714496071,0.0,0.1063690185546875
hist_bias_Y_ly_1.00,A,Group_1,1666,0.806333675439116,0.03141139385070624,0.8126490290336407,0.48619105506908866,0.813279809648781,0.5333333333333333,0.9800009774450934,1.0,0.0016089450000735805,1.1102230246251565e-16,0.004596985714496071,0.0,0.1063690185546875
hist_bias_Q_lhq_1.00,A,Group_0,1634,0.8119300137750173,0.014594077765766131,0.8132309315886119,0.5026555248433612,0.8133288884789651,0.5333333333333332,0.9959905155476683,1.0,0.0008163974261186091,1.1102230246251565e-16,0.0023325640746246767,0.0,0.1448993682861328
hist_bias_Q_lhq_1.00,A,Group_1,1666,0.8111136163488987,0.019520781880714974,0.8132246557660325,0.47547603938821137,0.8133296335399353,0.5333333333333333,0.9936579514730436,1.0,0.0008163974261186091,1.1102230246251565e-16,0.0023325640746246767,0.0,0.1448993682861328
hist_bias_R_lhr_1.00,A,Group_0,1634,0.8095448889229108,0.017568583424299514,0.8124629644067813,0.5568468307376319,0.8132512647148472,0.5333333333333332,0.9891758731130784,1.0,0.00018152188441833417,1.1102230246251565e-16,0.0005186339554809072,0.0,0.1428818702697754
hist_bias_R_lhr_1.00,A,Group_1,1666,0.8097264108073291,0.02029089281197202,0.8125596255842344,0.48856724015313946,0.8132678692560282,0.5333333333333333,0.9896945070685593,1.0,0.00018152188441833417,1.1102230246251565e-16,0.0005186339554809072,0.0,0.1428818702697754
interaction_bias_lyb_1.00,A,Group_0,1634,0.7908064432971329,0.05648039977407065,0.8108324663121622,0.4642772092190529,0.8130839433670529,0.5333333333333332,0.9356374570394269,1.0,0.002068204347882241,1.1102230246251565e-16,0.005909155279663181,0.0,0.14595699310302734
interaction_bias_lyb_1.00,A,Group_1,1666,0.7887382389492507,0.06194718064065823,0.8109285319220061,0.4667622618217263,0.8131441648147362,0.5333333333333333,0.9297283017597637,1.0,0.002068204347882241,1.1102230246251565e-16,0.005909155279663181,0.0,0.14595699310302734
meas_bias_Y_linear_lmy_1.00,A,Group_0,1634,0.8079426204391896,0.027201269186112688,0.8126215166112098,0.496072099964665,0.8132627595914808,0.5333333333333332,0.9845979631595895,1.0,0.0016089450000735805,1.1102230246251565e-16,0.004596985714496071,0.0,0.1420900821685791
meas_bias_Y_linear_lmy_1.00,A,Group_1,1666,0.806333675439116,0.03141139385070624,0.8126490290336407,0.48619105506908866,0.813279809648781,0.5333333333333333,0.9800009774450934,1.0,0.0016089450000735805,1.1102230246251565e-16,0.004596985714496071,0.0,0.1420900821685791
meas_bias_Y_nonlinear_lmy_1.00,A,Group_0,1634,0.8097779473700972,0.022734091705520078,0.8132380764803961,0.5340127902841562,0.8133239077475964,0.5333333333333332,0.9898417543907541,1.0,0.001477272033156618,1.1102230246251565e-16,0.004220777237590179,0.0,0.14267182350158691
meas_bias_Y_nonlinear_lmy_1.00,A,Group_1,1666,0.8083006753369406,0.02732161213990566,0.8132417660650957,0.5027040795048241,0.8133261852717178,0.5333333333333333,0.9856209771531639,1.0,0.001477272033156618,1.1102230246251565e-16,0.004220777237590179,0.0,0.14267182350158691
meas_bias_R_lm_1.00,A,Group_0,1634,0.7909419547475227,0.05684085935818215,0.8098418036195627,0.46753777717433986,0.8129864231360195,0.5333333333333332,0.9360246326119699,1.0,0.0016678040321301824,1.1102230246251565e-16,0.004765154377514902,0.0,0.14386248588562012
meas_bias_R_lm_1.00,A,Group_1,1666,0.7892741507153925,0.060431141645008825,0.8099927312479216,0.46473156893520795,0.8130062557833307,0.5333333333333333,0.931259478234455,1.0,0.0016678040321301824,1.1102230246251565e-16,0.004765154377514902,0.0,0.14386248588562012
undersample_pu_1.00,A,Group_0,2474,0.8108032997677413,0.018389772466595827,0.8128704367969055,0.4687051392101801,0.8132959063957383,0.5333333333333332,0.9927713326697374,1.0,0.0003413615631558953,1.1102230246251565e-16,0.0009753187518742878,0.0,0.19222640991210938
undersample_pu_1.00,A,Group_1,2476,0.8104619382045855,0.019029570696178322,0.8128810962488418,0.48161843510883773,0.8132940318270464,0.5333333333333333,0.9917960139178631,1.0,0.0003413615631558953,1.1102230246251565e-16,0.0009753187518742878,0.0,0.19222640991210938
representation_bias_lr_true1.00,A,Group_0,2474,0.8108032997677413,0.018389772466595827,0.8128704367969055,0.4687051392101801,0.8132959063957383,0.5333333333333332,0.9927713326697374,1.0,0.0003413615631558953,1.1102230246251565e-16,0.0009753187518742878,0.0,0.19698190689086914
representation_bias_lr_true1.00,A,Group_1,2476,0.8104619382045855,0.019029570696178322,0.8128810962488418,0.48161843510883773,0.8132940318270464,0.5333333333333333,0.9917960139178631,1.0,0.0003413615631558953,1.1102230246251565e-16,0.0009753187518742878,0.0,0.19698190689086914
label_noise_sy_1.00,A,Group_0,1634,0.7994448462195183,0.04365521459684394,0.8107658976104599,0.4673351225807072,0.8130772497374211,0.5333333333333332,0.9603186082462424,1.0,0.002694401677422964,1.1102230246251565e-16,0.0076982905069227225,0.0,0.10818362236022949
label_noise_sy_1.00,A,Group_1,1666,0.7967504445420953,0.05078625758893855,0.8108644975695938,0.4649039573780873,0.8131390864071486,0.5333333333333333,0.9526203177393197,1.0,0.002694401677422964,1.1102230246251565e-16,0.0076982905069227225,0.0,0.10818362236022949
