,Y_real
7913,1
8982,1
9922,0
638,1
2487,0
3207,0
10580,1
2491,0
8774,1
1906,0
7847,1
3486,0
1389,0
10849,1
4254,0
8824,0
902,0
6496,0
12454,1
4461,1
6359,1
9288,0
12580,1
1766,1
2175,0
1154,1
4442,0
12371,1
690,1
5925,1
10759,1
6165,0
12493,0
8150,0
1249,1
5921,1
10695,1
8845,1
10655,1
3080,1
5129,0
1412,0
5394,1
2084,1
1516,0
11981,1
2537,0
1754,0
7192,0
4500,1
9243,0
12725,1
809,0
3596,0
7025,1
7960,0
2665,1
7072,0
10462,0
6098,1
8306,0
1254,1
1891,0
8117,1
5449,1
982,0
9042,0
11890,1
2383,0
5234,0
10901,1
11597,1
7991,1
6644,0
398,0
11167,0
1950,0
4115,0
2283,1
2306,0
3389,0
7721,1
2943,0
11526,1
7864,0
11091,0
2697,1
1542,1
11184,1
2529,0
1893,0
2380,0
2196,1
945,0
3324,0
4189,0
5793,0
311,0
8668,0
2948,0
11069,1
1772,0
11525,1
6527,0
5759,1
11342,0
3027,0
10473,1
2750,0
11196,0
10861,0
3342,1
6262,1
1684,0
1665,0
4414,1
8343,0
8691,1
1974,1
9847,0
7997,0
6394,0
12378,1
8548,0
6436,0
12518,1
2396,1
3718,0
9890,0
5755,1
3704,0
3650,0
9362,0
1012,0
1204,0
7813,1
5760,1
276,1
4352,1
12036,1
1813,1
7896,0
177,0
813,0
10189,1
2507,0
11512,0
11230,0
5554,0
8450,0
6873,0
907,0
12197,0
11880,1
1725,1
4586,1
6248,1
3423,0
1531,0
98,0
9200,0
6015,0
8938,0
3004,0
5397,0
8595,0
11881,1
5054,0
12535,0
8735,0
8099,0
11629,1
9610,1
1559,0
2879,0
3721,0
3587,1
5956,0
10909,1
1231,0
5494,0
7140,0
2608,0
12270,0
5933,1
7266,0
7226,0
4959,0
4683,1
9425,0
5718,0
3677,1
9510,1
1432,0
6083,0
9837,0
12486,1
8497,1
7601,1
6048,1
12026,1
3029,1
2968,0
9596,0
11877,1
9856,1
1266,0
9687,0
316,0
8363,1
10337,1
1219,0
5255,0
10112,0
11829,1
8916,0
9737,0
7300,0
5747,1
8297,0
6177,1
9699,1
5969,1
9139,1
485,0
6792,0
8914,0
12708,1
10495,0
10343,0
1264,0
4607,0
1855,0
1996,0
5530,1
937,0
4398,1
2456,1
4617,1
140,0
544,1
202,0
2621,1
9744,1
10107,1
9341,0
4012,1
9931,0
1130,1
3307,1
1820,0
11893,0
4682,0
16,0
10713,1
4203,1
299,0
10551,1
4281,0
9106,1
7314,0
4105,0
7438,1
9196,0
12173,0
5325,0
6986,0
4788,0
8777,1
9105,0
6552,0
9410,0
1497,0
9371,0
9797,1
2810,1
8795,0
11934,1
5701,0
1659,0
10106,1
11367,0
3375,0
7904,0
1059,0
8119,0
11810,1
5232,1
5775,0
737,0
3608,0
4501,0
7681,1
2138,0
10853,1
4688,1
1022,0
7529,1
5899,0
10838,0
11581,1
9741,1
9506,0
2222,0
11820,0
9603,0
408,0
5863,0
2152,0
9984,1
3733,0
5671,0
9420,0
441,0
9340,0
8260,1
4555,0
8989,1
2321,0
536,0
207,1
1430,1
3388,0
5001,0
10249,0
270,0
2058,1
8617,1
1970,1
1289,1
6198,1
11444,1
689,0
4082,1
7737,0
356,0
10998,1
12358,1
8629,0
11904,1
9001,1
11568,0
7894,0
3035,0
555,0
9181,0
5664,1
8957,1
8126,0
1571,1
8976,0
5400,1
7064,0
1038,1
7583,1
1774,1
6084,0
10558,1
5329,1
4911,1
28,0
10635,1
6081,0
8252,1
6851,1
9048,1
2295,0
4946,0
11280,1
12342,1
4878,0
1827,1
6270,0
3453,1
12125,1
8420,0
3984,0
5011,1
3054,0
10882,1
8950,0
2366,0
6754,1
1189,0
976,1
3697,0
8503,0
4121,0
12372,1
1811,1
11063,1
10611,1
3187,1
7193,0
11117,0
581,1
323,0
1473,0
4727,0
4412,0
4658,1
7585,0
856,0
3980,0
12507,1
11966,1
5114,1
8682,0
9818,0
11335,0
12281,1
6466,1
5250,1
11382,0
2031,0
2857,1
4335,0
3963,1
3529,0
5090,0
3935,0
4494,0
6238,1
3628,0
12634,1
2418,0
8148,1
8063,1
10296,0
11084,0
4193,0
10024,0
469,1
10943,0
6723,1
11097,1
3241,0
4776,1
8985,1
7742,0
12411,1
6050,0
7801,1
2633,0
2645,1
1408,0
5627,1
11715,0
12468,1
6798,0
2758,1
4294,0
2278,1
6197,0
7544,1
5748,0
3294,1
5805,1
9438,1
8362,1
10944,1
780,0
9682,0
3899,1
11857,1
8565,1
12405,1
6567,0
3203,0
4355,1
11804,0
5835,0
10033,1
11437,0
9640,1
3125,1
5726,0
5191,1
5938,0
10864,1
11127,0
4360,1
12014,1
7948,1
9990,0
5521,1
9658,1
5563,0
6201,0
5216,0
2079,1
11142,1
5363,0
10681,1
3932,1
2174,1
7172,0
7582,1
3400,0
878,1
12288,1
10463,0
5014,1
5972,1
8657,0
6725,0
688,1
12129,0
9103,0
7594,0
2184,0
9447,0
9790,0
7670,1
8409,0
8977,0
5550,0
5572,1
1109,1
279,1
11553,0
5652,0
6991,1
10304,1
1509,0
303,0
1173,1
4383,0
9705,1
364,1
11118,1
12624,0
4380,0
12421,1
10743,1
6631,0
5273,0
4870,0
6979,0
1890,0
8281,0
9155,1
4738,1
12632,0
9110,1
8478,0
1251,0
1387,1
705,0
8932,0
11352,1
11608,1
5566,1
3365,0
9870,1
8714,1
10273,0
1431,1
1493,1
10064,0
4903,0
9321,0
2531,0
4427,0
5787,0
2496,0
2415,1
4417,0
404,0
4136,0
103,0
3641,0
5858,0
6408,0
5229,0
2958,1
3850,0
6908,0
1122,0
55,1
8223,1
8428,0
5853,1
2372,0
11078,1
5296,0
10238,1
4489,1
4835,1
3298,1
5551,1
8082,1
9406,1
5611,1
4940,0
9535,1
6664,1
4514,0
12701,1
12623,1
12707,1
8922,0
8582,0
11313,1
9999,0
8355,0
11182,1
4695,1
6139,1
9736,1
2343,1
6406,1
330,0
10171,1
7261,0
2953,0
455,1
9994,1
9098,0
9630,1
3920,0
10351,1
10306,0
12613,1
4316,1
7943,0
11288,1
6640,1
8810,0
10504,0
3969,1
5353,0
4496,0
11162,1
6465,0
11851,0
10010,0
302,0
11494,0
1321,0
220,1
7649,1
2501,0
8894,0
2276,0
9030,0
1001,1
10758,0
6852,0
10684,1
6179,0
4432,0
6233,1
9076,0
10442,0
1616,1
7764,1
3153,0
11359,0
1980,1
7233,1
3424,0
6345,1
9240,0
6976,0
7636,0
11819,1
4441,1
1297,1
10806,1
3006,0
7057,0
7595,1
5930,0
9726,0
5223,1
4015,0
6329,0
11724,0
4421,0
3041,0
6076,0
12735,1
2528,1
2538,1
2032,1
10633,0
4671,1
160,1
2304,1
12058,1
3091,1
3198,1
5384,1
9270,0
10824,1
12307,1
2655,0
4285,1
6118,1
5882,0
8753,1
8698,0
11928,1
11668,1
3719,1
846,1
6918,0
11155,1
4486,0
1620,1
1284,0
1240,1
9937,0
1237,1
11056,1
4477,0
4918,0
421,0
389,1
12572,1
6039,0
10193,0
4233,1
104,1
9961,1
6005,0
10045,1
5137,1
11114,0
2703,0
5084,1
2993,0
10698,1
411,0
11907,1
7055,0
321,0
6655,0
11590,0
10054,0
553,0
11075,1
1434,1
11459,1
8511,0
4454,1
12323,0
12294,1
6804,1
1079,1
5351,0
10960,0
3355,1
8477,1
2192,1
12748,1
6913,1
5635,0
8675,0
8980,0
2847,1
297,0
1603,1
5225,0
2438,1
5725,0
9651,0
8933,1
8794,1
2779,0
125,1
5742,1
10568,1
2575,0
9474,1
1123,0
11111,1
11159,1
8661,0
2216,0
1778,0
7643,0
6595,1
10350,1
9908,0
12629,1
9457,1
2904,0
5716,0
11922,0
12540,0
4763,1
5241,0
10540,0
11328,1
11662,1
5953,1
12570,1
12648,1
9896,0
11926,1
3327,0
6932,0
11717,0
10174,1
12112,0
11451,1
315,1
12154,1
1097,0
8179,0
7100,1
2818,0
3048,1
3154,0
4096,0
12053,1
4670,0
9547,0
1339,0
234,1
10906,0
10135,1
10149,0
2586,0
3657,0
11888,1
4349,0
11364,1
12209,1
12620,0
3994,0
8875,1
3683,0
5979,0
2692,1
208,1
6291,0
10857,1
7349,0
9553,0
7803,0
1601,1
1168,0
1191,1
5155,1
3695,0
4906,0
7047,0
3825,1
1769,0
2254,0
3491,1
9611,0
754,1
12277,1
440,0
7933,0
9632,0
4160,0
12555,1
5163,0
9992,1
9773,0
7096,1
721,0
11620,1
5298,0
9378,0
5769,0
2353,1
9795,0
3840,0
5727,0
4088,1
10454,0
5592,1
11994,1
9516,0
9965,0
286,1
783,1
1599,0
5746,1
2806,1
714,0
6216,1
3277,0
2229,0
3259,0
5875,1
4808,1
5693,0
5,0
6766,0
5292,1
418,1
7704,1
9241,0
11749,0
2261,1
8697,1
11974,1
1112,1
9538,0
5992,1
9995,1
5051,1
11684,1
3218,1
3498,1
1490,0
9886,0
4536,1
4449,0
12338,1
5248,0
1466,1
9578,0
3741,1
5634,0
3645,0
3827,0
12016,1
3146,0
11219,1
8138,1
519,0
5583,0
6234,1
12530,0
8475,0
11580,1
541,1
3652,1
3516,0
10438,1
12339,1
9287,0
3174,1
5111,1
12745,0
5389,1
8387,0
5430,1
10510,1
5208,1
5996,0
2401,0
10613,1
8822,0
3406,0
10247,0
3885,1
11467,1
4589,1
2078,0
2891,1
9230,1
1797,0
2190,0
7668,1
6353,1
7014,0
3426,1
6687,1
1087,0
9411,0
212,0
3057,0
1406,1
4895,1
10379,1
9775,1
12414,1
8018,0
1421,1
517,0
10837,1
6812,1
11298,1
8752,1
9161,0
7840,0
6452,0
7875,1
11940,1
10735,1
9330,0
6142,0
11076,1
2125,0
3314,1
138,0
9437,0
1758,1
7852,0
155,1
1515,0
11595,1
9728,1
5415,0
6488,0
4333,1
10957,1
6830,0
5275,1
9053,0
7669,0
4357,1
8700,0
10416,1
3295,0
2807,0
5383,1
11501,1
2287,1
10246,0
764,0
8526,0
12157,0
12541,1
10302,1
5982,0
8998,0
11745,1
8779,0
2402,0
7870,0
10278,1
1886,1
6652,1
10474,0
6388,0
228,0
9669,0
11088,0
3761,0
4919,0
4821,0
7383,1
7672,1
3809,0
6817,1
1486,0
1455,0
10217,0
3615,0
6756,0
7320,1
7480,0
9501,0
7145,0
3753,0
8115,1
8484,1
12180,1
1654,0
3221,1
9980,0
218,1
12625,0
6752,0
1543,0
11284,1
12314,0
859,0
2722,0
1823,1
7247,1
4762,0
50,0
6148,1
4928,0
5613,1
10573,1
6340,1
5757,1
11711,0
2358,0
3329,0
1628,0
11390,1
8224,0
9919,1
3326,0
2773,0
7133,1
5131,0
2910,0
5978,0
11041,1
5924,0
3266,0
5371,1
7964,0
9314,1
6176,1
1143,0
2382,1
69,1
11753,1
10699,1
12591,1
3727,1
1750,0
12318,1
4907,1
1541,0
1167,0
11207,0
4440,0
3323,1
2050,1
8299,0
12423,1
12700,0
8799,1
4806,0
5529,1
1618,0
7515,0
4459,0
2354,1
4227,0
8575,0
11587,0
8849,1
3800,0
11968,0
9968,1
10898,1
11470,0
10827,1
7111,1
11021,1
10931,0
4820,0
8926,1
7190,0
7035,0
81,1
11392,1
5645,0
7871,1
9667,0
1491,1
697,0
6735,0
11416,0
6719,1
72,1
8027,1
11007,1
12740,1
9711,1
3161,1
12516,1
3632,0
3173,1
1278,0
9247,0
4853,1
9372,1
8928,0
4600,0
5262,0
9709,0
12321,0
10793,1
5425,1
11914,1
6358,0
8768,1
7744,0
4497,1
8566,0
66,0
2772,1
11693,1
11915,1
9826,1
4429,1
4943,0
128,1
9405,0
9981,1
4340,0
11438,0
2228,0
7416,1
2582,0
10657,1
12607,0
11462,1
4389,1
2920,0
8204,1
11398,0
3475,1
8835,1
3451,1
1183,1
3901,0
9151,0
583,0
9339,1
6949,0
10784,1
2155,1
1188,0
10972,1
8043,0
7538,0
11615,1
7155,0
10661,0
6247,0
2834,1
3723,0
5630,1
5391,0
8817,1
305,0
6843,0
6670,1
9477,1
2262,0
4282,1
3155,0
2319,0
9526,1
2873,0
7371,1
8636,1
1199,0
11019,1
11871,0
2711,0
10162,1
7290,0
9018,0
3404,1
10237,0
771,0
7522,0
4280,1
153,1
1429,0
12013,0
6554,0
614,0
3040,0
9666,0
4156,1
8587,0
3876,1
5102,0
2427,0
4724,0
7507,0
12219,1
387,0
11636,1
7934,0
8378,0
2816,1
9297,0
3803,0
10669,1
8664,0
4131,0
4484,1
8639,1
12434,0
58,0
1363,0
11169,0
9588,0
8596,0
6460,0
5420,1
1756,0
11422,0
8990,1
9935,0
9734,0
6346,0
8918,1
8905,1
6610,0
151,1
3345,0
3762,0
3625,1
620,1
836,1
540,0
8386,0
659,1
1390,0
7632,1
1575,1
11246,0
4446,1
9522,0
9185,1
1057,1
693,0
10435,1
7400,1
3412,1
10151,1
6531,0
609,0
12598,0
3678,0
2743,1
2751,1
12059,1
1605,1
7389,0
12705,0
10297,1
11698,1
11569,0
1770,0
12717,1
6654,0
4403,1
2648,1
6805,0
2972,0
10917,1
10228,1
5003,1
178,1
2991,0
8410,1
6145,0
6256,0
5077,0
4362,1
6498,0
10185,0
9072,0
9233,0
7095,1
2918,1
7297,1
1840,0
9059,0
1066,0
3563,0
1714,1
4326,0
1839,1
4241,0
6244,0
10436,0
11361,1
10426,0
6709,0
10332,1
11777,1
12495,1
5072,0
4849,1
5269,0
3839,0
8161,0
2076,1
2797,1
4700,1
9013,0
9426,0
4216,0
9462,1
10232,1
2791,1
5055,1
7419,0
7277,0
3534,0
8111,0
4720,0
2267,1
5859,1
6092,0
2237,0
8855,1
5783,0
10614,1
12213,1
7254,0
6708,1
93,1
12148,0
4342,1
11300,0
4225,0
353,0
8730,0
6837,0
11101,1
5293,0
8790,1
2755,1
4863,0
6172,0
7493,1
5621,1
11345,0
1870,0
3956,0
4639,0
4262,0
3748,0
11154,1
3501,1
4858,1
8061,0
10480,0
11901,1
568,0
10144,1
5122,0
8320,1
7317,0
9198,1
7313,1
7910,1
9913,0
10491,0
2178,0
11555,1
11201,0
1157,1
1540,1
4474,0
4921,0
5258,1
8345,1
8143,1
6945,1
2244,0
9255,1
6887,0
7182,1
2115,1
10767,0
1411,1
2362,0
10648,1
8974,0
6765,0
1021,0
12464,1
11874,0
12300,1
4117,1
3989,0
8228,1
6060,0
6035,1
12071,0
6266,1
4804,0
9846,1
9739,1
10231,0
7722,1
10721,1
8492,1
2945,0
6464,0
1125,1
9218,0
1368,1
6428,1
2671,0
757,1
10969,1
7782,1
12092,1
4648,1
8801,0
8535,0
5141,0
3113,0
6810,0
5683,1
8176,1
905,1
10301,1
7293,0
7754,1
10165,0
10357,1
12448,1
9124,0
5898,1
6341,0
4457,0
6814,0
2929,1
3881,1
6470,1
1265,0
10164,0
10404,1
9528,1
4610,0
300,0
12315,0
9534,0
4562,1
9091,1
7237,1
11022,0
8268,0
12482,1
12168,0
5041,1
2508,0
257,0
12433,0
7339,1
11331,1
1327,1
9274,1
10271,0
4068,0
5960,1
610,0
9466,1
6182,1
1088,0
1369,1
9385,1
938,1
435,0
9337,0
5607,1
5337,1
12139,0
9758,0
9902,1
8264,0
8349,1
686,0
4110,0
4634,1
4656,0
6371,0
1944,0
10157,1
7976,1
390,0
2412,1
3638,0
11765,1
912,0
10081,0
2646,0
6591,1
2663,1
2836,1
5037,0
11937,1
11163,0
3681,0
1147,0
150,1
10860,1
5667,1
4424,0
12062,1
6564,1
9414,1
6674,1
3116,0
5109,0
6024,1
4458,0
5473,0
4744,0
12587,1
12345,0
9055,1
7406,0
11425,0
4526,1
4826,1
6621,0
9616,1
6917,0
651,1
5669,0
12515,0
5792,1
5320,1
483,0
7603,1
1969,0
2721,0
11064,0
12077,1
6,0
12319,1
10963,0
8255,0
9854,0
2884,0
7952,0
1410,1
4337,0
9880,0
713,0
6911,1
2136,0
760,0
9647,0
2090,0
12239,0
9793,1
12528,1
9704,1
3245,1
11660,1
1951,0
12278,1
11757,0
10676,1
1250,0
7918,1
11848,1
8372,1
6996,1
8418,1
11908,0
8945,0
12612,1
5537,1
10622,1
6170,0
6842,0
11533,1
8214,0
9210,1
8095,0
1063,0
6157,0
2460,1
11185,1
4039,0
6743,1
331,1
7154,0
240,1
895,0
4766,0
11449,1
11100,1
10658,0
10670,0
4300,0
10631,1
10292,1
1436,1
2131,0
4505,0
3640,1
1520,1
8965,0
8504,1
3557,0
11543,1
12574,1
5126,1
11601,1
8383,0
5283,1
3013,0
8614,1
8574,0
10120,1
12069,1
11628,1
11878,1
1577,1
2900,0
6315,0
1519,0
6988,0
461,0
6953,1
12322,0
5263,0
12126,1
8053,1
12344,1
9873,0
2901,0
4493,0
1994,1
9265,1
8010,0
1155,0
3482,0
985,0
1261,0
3712,0
11942,1
11800,1
11054,0
11650,0
3699,0
9390,1
2644,0
12258,0
6898,0
10520,0
7341,0
9017,1
5239,1
2653,0
5825,0
4426,1
1298,0
12553,0
12176,1
11713,0
8858,0
12082,1
4901,0
2269,0
8651,1
3964,0
5118,1
3735,1
3344,0
7968,1
5410,0
5142,1
2792,1
4210,0
224,0
1591,1
3867,0
4968,0
3100,0
9205,1
7038,1
5776,1
5095,1
124,1
8196,1
4861,0
9049,1
3869,0
10452,0
5017,1
4925,0
6825,0
7067,1
6563,0
513,1
3205,0
11552,0
2030,1
2863,0
3488,1
7587,1
1946,0
7909,0
9433,0
6776,0
265,0
3392,0
11329,0
3169,1
11720,1
504,0
3577,0
211,0
1345,0
8510,1
9727,1
537,0
8013,0
2449,0
7530,0
10258,0
7778,1
5543,1
10092,0
2014,0
11060,1
6447,0
2754,0
5702,1
2339,1
9985,1
676,1
10041,0
142,1
12201,0
6009,1
996,0
7461,1
3943,0
3239,0
7993,0
2560,0
4086,1
9182,1
8792,0
12346,0
1316,0
7138,0
8662,0
10512,0
192,1
9057,1
7548,0
8797,1
400,0
5829,0
2598,1
9344,1
5069,1
9798,0
6128,1
3725,1
10098,0
2930,0
8089,1
9718,0
577,1
10628,1
9093,0
11655,1
5750,0
4396,0
6909,1
7788,0
8696,0
3892,0
6980,1
1472,0
658,1
288,0
7635,1
10095,0
4534,0
5496,0
6058,0
9508,0
1190,1
9085,0
4792,0
8205,1
11988,1
11304,1
2835,1
9815,0
238,0
5088,0
10488,1
12709,1
9805,1
4387,1
4757,0
3039,0
4691,0
7224,0
2399,0
6549,0
2854,1
438,0
4660,0
11232,1
2893,1
3408,0
1642,0
2004,0
3237,1
4055,0
11837,1
1782,1
8826,1
1955,0
931,0
1495,0
8262,0
9206,0
3540,1
6279,0
9884,0
10156,0
12145,1
2424,0
9037,1
6391,1
19,0
7533,0
12388,0
6276,0
5624,0
8225,1
5365,1
8663,1
1995,0
5317,0
8156,0
7194,1
10994,1
2180,1
6926,0
1053,0
3347,0
4287,0
4125,0
2746,0
677,0
4290,0
5994,1
3243,0
12436,1
7308,1
11828,1
1419,1
4019,0
12158,1
6068,0
11861,1
9171,1
9562,0
8811,1
5176,0
7343,1
9156,1
5413,1
4143,1
8973,0
777,0
7282,0
5799,0
12619,1
10455,1
2462,0
9067,0
1099,1
9493,0
5379,0
11213,1
4455,0
9172,0
7741,1
5212,1
12565,0
437,0
3606,1
869,0
8756,1
11457,1
4116,0
12243,1
2277,0
8256,1
11527,1
5336,0
8638,0
12359,0
4498,1
163,0
11872,1
102,1
2015,1
10057,0
8194,1
3428,0
7646,0
10178,0
7526,1
9697,0
507,0
9184,1
11887,1
1625,1
92,0
7711,0
10208,1
5112,0
5492,0
11103,0
9284,1
11262,0
1957,1
1675,1
2843,0
12272,1
9377,1
9825,0
7036,0
11372,1
8243,0
9926,0
5955,0
3707,1
3228,0
6714,1
2547,1
10096,1
1590,0
868,1
10660,1
10048,0
1666,1
3507,0
11794,1
6511,1
12658,1
4884,0
3955,0
1903,1
1498,1
12341,1
572,1
5907,1
3017,1
3953,0
2118,1
12403,1
10153,1
7439,0
11463,0
2360,0
9600,0
12431,1
10114,1
6469,1
5887,1
4969,0
269,0
1161,0
6294,0
5677,1
7867,1
12485,0
10665,1
2053,1
2077,1
9845,0
233,0
1494,1
5629,1
695,0
12017,0
3224,1
10409,0
12183,1
6309,0
2151,1
12340,0
8722,1
862,1
2423,0
1461,1
12105,0
2846,0
12075,0
3634,1
9881,0
3532,0
10170,0
7901,0
952,0
9695,1
7607,0
4837,1
7398,0
3569,0
9686,0
1873,1
7562,1
7433,0
167,0
2256,1
10583,1
12122,1
1977,1
11967,1
5435,1
2310,0
9875,1
6426,1
7013,0
11332,0
11348,1
3729,0
9475,0
11950,1
8521,1
9597,1
11305,1
9169,0
9781,1
1208,0
11515,0
1707,1
1318,0
1765,1
4095,1
11854,1
2593,1
1403,0
4872,0
10263,0
11666,1
9595,0
8686,1
11426,1
5149,1
12447,0
10859,1
11843,1
841,1
634,0
4795,1
9844,0
8474,0
10471,0
10715,1
10086,1
6604,0
5941,0
1661,0
5922,1
2296,1
10595,1
11014,0
8470,0
4641,0
8021,0
147,0
4939,1
1003,0
9464,1
11355,1
12067,1
3159,0
10828,1
11020,1
8944,0
5323,0
702,0
6457,0
10980,0
5475,1
4049,0
9452,1
8649,0
12640,0
8671,1
4244,0
6583,1
4580,1
9592,1
3866,1
7336,1
3921,0
7091,0
464,0
4704,0
822,0
755,1
6516,0
3079,1
6228,1
5039,0
5162,0
8292,1
9827,1
9768,0
11027,0
9582,0
4892,0
261,0
11591,0
12193,1
2883,1
12047,1
11827,0
7990,1
2801,0
12465,1
4361,1
462,1
7392,1
6194,1
1444,0
11273,1
4882,1
3711,0
6086,0
3759,1
7350,0
328,0
5601,0
7101,0
1932,1
3737,0
4232,1
3798,0
7974,0
5646,1
11191,1
2171,1
12415,1
4000,1
3621,0
1101,0
12012,0
2052,1
8415,0
10717,0
3074,1
11889,1
6161,1
341,0
11216,0
10200,0
7120,0
3163,1
5828,1
11703,1
4,1
1931,1
2019,0
4415,0
5873,0
12394,0
10514,1
1241,0
2540,0
1216,0
2431,1
10907,1
6225,1
7640,0
1104,1
7798,0
3220,0
11996,1
5230,0
10934,1
1798,1
9941,0
12402,1
6462,1
3575,0
4640,1
776,1
1325,1
12550,1
1997,1
12642,0
532,0
1133,1
5058,0
8656,1
4894,0
6375,0
10410,1
4410,0
2580,0
10221,0
10834,1
9921,0
4291,0
3620,1
8635,1
5900,0
5052,0
11970,1
9964,0
8537,1
8672,0
1566,1
9700,0
7496,1
11405,1
6834,0
2852,1
12584,1
8276,1
12628,1
4602,1
2314,1
1456,0
5918,1
277,1
12577,1
7690,0
7932,0
3865,0
7542,1
4840,1
3917,1
4140,0
5083,1
11750,1
8005,1
3764,0
9966,1
9107,0
4735,1
6507,0
9972,1
7234,1
5315,1
6718,0
8016,0
5767,1
9609,1
2896,1
176,0
12391,0
10348,0
9490,1
7466,0
11609,0
2166,1
9187,1
4836,0
4761,1
743,0
5846,1
7292,0
2467,1
7223,0
1336,0
2718,1
4271,0
709,1
8896,0
10283,0
2563,0
6624,1
1364,1
1239,0
5246,1
7998,1
10630,1
7407,0
890,0
8405,1
4214,0
557,0
2892,0
439,1
9767,1
4842,0
9504,0
9505,1
9895,0
6169,1
6264,0
12477,0
8542,1
7727,0
199,0
979,1
12074,0
12309,1
9820,0
9253,0
7158,0
5367,0
7445,0
1129,0
9358,1
2588,1
8112,0
7768,0
2986,1
1263,0
11445,1
12011,0
12478,1
8600,0
9360,1
6430,0
9000,1
11491,0
10569,0
11651,1
2748,1
4967,1
12400,1
6836,1
998,0
2567,1
11211,0
4846,1
4021,1
2956,1
7888,1
1281,1
7354,1
8898,0
6373,1
2744,1
1442,0
2971,1
1224,0
2690,0
1351,0
6293,0
10412,0
9254,1
3493,0
7790,0
10384,0
11978,1
8731,0
5734,0
11148,0
4590,1
603,0
7600,1
9216,1
6034,1
1462,0
11594,1
5639,1
6883,1
12368,1
10323,0
6417,1
12199,1
7873,0
477,0
9810,0
10807,1
11318,0
7033,1
8509,0
5902,0
10486,1
12641,0
8559,0
8739,1
10654,1
5056,0
2202,1
11195,0
9370,1
8154,1
2784,0
10872,0
4673,0
1378,0
3373,0
1709,1
314,1
5331,1
10242,0
3553,0
7667,0
10598,1
11050,1
1767,0
10683,1
4753,1
11760,1
7796,1
11665,0
3478,0
1048,1
8988,1
5993,1
2309,0
7003,0
5587,0
9951,0
4690,1
3366,1
5672,0
10072,1
4587,0
6767,0
6582,0
1896,1
12490,1
8499,0
1200,1
2330,1
9164,0
15,1
6555,0
7863,0
8869,0
11570,1
2499,1
10414,1
3792,1
3663,1
5824,0
4774,0
12450,1
2236,0
4204,0
7716,0
4650,0
4397,0
11767,1
11363,0
3279,0
918,0
7418,1
3351,0
2465,0
11850,1
1834,0
7689,0
8042,0
10450,0
4089,0
2161,0
156,1
1735,0
10049,0
7332,1
10030,0
2492,0
386,0
12548,1
8615,0
11961,1
1164,0
10877,1
7664,1
10875,1
7713,0
6451,0
6112,0
10912,1
9281,0
8269,1
82,0
5192,0
12697,1
1093,1
3170,1
3293,0
6183,1
8906,0
7537,0
7060,0
1045,0
4385,0
246,1
6856,1
808,0
951,0
11780,1
11853,1
1529,1
3287,0
9355,1
6243,1
2388,1
5497,0
1010,0
6478,0
2,0
9957,0
2731,1
4708,1
11483,0
5682,0
12443,1
11411,0
292,0
5289,0
130,1
1746,0
57,1
10118,1
12262,0
10979,1
5244,1
5717,0
4179,0
790,0
12,1
9189,0
8071,0
139,1
6981,1
3706,0
5168,0
8485,1
10801,1
9141,1
1096,0
11057,0
10959,0
7065,0
4008,1
11730,0
6998,0
2789,0
6578,0
9186,1
354,1
2735,0
11556,1
641,1
2477,0
11243,0
9542,0
3790,0
7173,1
546,1
8699,0
204,0
10053,0
11855,1
3191,0
12150,1
1328,0
3358,1
5910,0
10001,0
2534,0
11514,1
5091,1
726,0
7841,1
8856,0
6539,0
11560,1
4188,0
11147,1
2356,0
3419,0
7622,0
2091,1
2503,0
7031,1
1054,0
10104,1
3339,1
9904,1
2726,0
10647,1
7637,0
2950,0
5724,1
1032,0
8373,0
10440,0
7695,0
4920,1
6577,0
11635,1
7212,0
4563,1
5721,0
180,1
9345,1
7270,1
1110,1
9077,0
6523,0
1939,0
10380,1
5826,1
7457,0
11320,0
4777,1
6865,0
2678,0
6473,0
1712,0
5518,0
5538,0
9483,1
7092,0
2519,1
7404,1
8207,1
11657,1
12039,0
4351,1
3846,0
4970,1
6311,0
1786,0
35,1
11009,1
10623,0
6693,1
468,0
4478,1
3923,0
3556,0
6491,0
2087,0
866,0
36,0
4958,0
7427,0
8338,1
9639,0
3913,0
735,0
1677,0
10091,0
1230,0
11824,0
3456,1
11998,0
3393,0
3752,0
9052,1
9430,0
4132,0
11617,1
1723,0
6192,0
7884,0
12730,1
4697,0
4134,1
3165,1
1156,1
3415,0
10533,0
11674,1
148,0
2518,0
1530,1
7525,0
8993,1
9841,1
11344,1
11941,1
7477,0
10765,1
6854,0
1943,0
9138,1
6002,0
12603,0
8612,0
12035,1
8288,0
10953,0
9915,0
4693,0
11093,1
7208,0
3064,1
6671,0
11377,0
6878,0
3530,0
1850,1
3045,0
11718,1
7963,0
834,0
9693,1
8488,0
7022,0
7879,1
256,0
543,0
6051,0
9671,1
149,0
8910,1
4807,0
11596,1
6105,1
1670,1
9395,1
7046,0
4909,1
7589,1
711,0
7238,1
7861,0
2558,0
8678,0
1801,1
2841,1
8983,0
7076,0
4120,1
2404,0
6040,0
5483,1
5744,1
7613,1
9267,0
7352,0
12546,0
2001,1
8103,0
7762,0
2389,0
6149,0
9400,1
668,0
1445,0
8489,0
585,0
2739,0
7685,1
4781,0
11626,0
9762,0
1727,1
4328,0
6379,1
7474,0
7846,1
6941,1
7432,0
9561,0
6818,0
10363,0
1271,0
7505,1
10973,1
4709,0
2081,0
410,0
9771,0
2026,1
6308,0
10636,1
11452,0
2137,0
5926,0
85,0
6143,0
7792,1
10736,0
5407,0
3238,1
9450,0
7835,1
268,1
1656,0
7009,0
9804,1
1205,0
8132,0
2667,0
10689,1
6285,0
797,1
6764,0
11178,1
1236,0
9041,0
1912,1
7410,1
3065,1
3930,0
6840,1
2025,0
9740,1
4443,0
7815,1
430,0
1221,0
10528,1
8899,1
8217,0
10498,1
1803,0
8012,0
7564,0
10899,0
6622,1
7378,0
3480,0
1963,1
7609,1
7566,0
3292,1
3965,1
7731,0
6745,0
7073,1
11642,0
4142,1
7442,0
9850,1
2211,1
8857,1
8422,0
6954,0
624,1
6342,1
11208,1
10284,1
11450,1
9708,1
1042,1
6220,1
8483,1
12744,1
10799,1
7021,0
2938,0
7654,1
12542,1
3637,0
9894,1
2112,0
12242,1
8577,1
7783,1
97,1
1646,0
10554,0
10169,1
1074,1
4207,1
5180,0
10910,0
162,0
4621,0
12426,0
9949,0
5962,1
349,1
7374,1
1372,0
10561,1
1617,1
894,0
1881,1
7876,0
9262,0
2820,1
7908,1
11059,1
7175,1
1956,0
10564,1
5035,1
4949,0
6283,0
3873,0
11244,0
8685,1
9011,1
9056,1
3713,1
10988,1
9484,1
11592,1
4471,0
1448,0
7399,0
9745,1
2550,0
4075,1
7971,0
8707,0
6235,1
12556,0
11236,1
8348,0
2437,1
12544,1
738,0
6647,0
10815,0
6223,1
8960,0
8564,0
371,0
12503,1
116,0
10133,1
11565,0
6077,0
7608,1
849,1
4388,0
11317,0
8572,0
2183,0
5185,1
6287,0
2817,0
629,0
1034,0
731,1
1056,0
11272,1
8665,1
7723,0
1365,0
12666,1
5238,0
9803,0
4527,1
817,0
6608,1
6819,0
9581,0
11214,1
1349,1
7856,1
1512,1
9463,0
7278,1
2672,0
3661,0
11637,1
4192,0
1710,0
11892,0
9752,1
12283,1
745,1
1120,1
8323,0
6993,1
4740,0
8359,1
11995,1
4912,1
2165,1
4769,1
795,0
1234,0
10073,1
2212,0
2341,0
12470,0
12463,1
1658,0
10079,0
2409,0
3515,0
8467,1
3052,1
5556,0
4784,0
10924,0
10334,1
10951,1
4263,0
494,0
2899,0
3788,1
10336,1
1248,0
5498,1
7500,1
3260,1
774,0
8726,0
9987,0
1843,1
8887,1
10527,1
12525,0
7444,1
6570,1
3416,1
9802,0
11716,1
2555,0
7066,1
5660,1
4437,0
3890,0
10003,1
7715,1
722,0
6619,1
9784,0
4267,0
10708,1
3049,1
9174,1
12682,1
1401,0
4465,0
5845,0
7612,0
3022,1
384,1
2509,0
8907,1
6339,1
6337,0
2876,1
505,0
4165,1
7040,1
11845,1
3425,0
6484,0
8336,1
1733,0
7288,1
10367,1
12706,0
12383,1
101,1
1667,1
2922,0
3350,1
3747,0
7924,0
5699,0
2995,0
5552,0
7677,1
10962,0
2871,0
258,0
12562,1
2346,0
6403,0
7931,1
8391,0
2520,0
6376,0
5700,1
7674,1
2867,0
9670,0
10776,0
8769,1
2048,1
39,1
915,1
4145,0
11478,1
990,1
6239,1
4633,0
5119,0
10478,0
6679,0
4238,1
1763,1
6675,0
6900,0
3021,0
5706,0
12699,1
893,1
1895,1
1420,1
7584,1
11911,1
11573,1
10290,0
11315,1
1930,1
2684,1
9225,0
724,0
7565,0
6227,0
9480,0
5065,1
6914,1
4814,1
14,0
3312,0
1033,1
9540,1
9840,1
2037,1
11719,0
7260,1
4148,1
6305,0
5643,1
7106,1
4318,1
4810,0
8282,0
7552,0
2982,0
972,1
9309,0
6011,0
4752,0
5806,1
1305,0
6518,1
12655,1
5647,0
9701,0
9215,0
2914,0
414,1
3468,0
7866,0
11375,0
7310,0
9755,1
11790,1
8249,0
7265,1
11886,0
7434,0
5312,0
10044,0
8773,1
4965,0
5236,1
664,1
5735,0
3325,1
12249,0
1070,0
3916,0
3547,1
5732,0
12532,1
7775,0
2952,0
9833,0
9301,1
8604,0
6214,1
5290,1
7279,0
7772,0
2206,1
11976,1
8721,1
10734,1
11475,1
12569,1
8631,1
4223,1
3272,1
9514,1
974,0
8379,1
8740,1
2926,1
12306,1
346,1
8464,1
6150,1
7766,1
4024,0
8145,1
8673,0
2123,0
8772,1
647,0
1899,1
7779,0
1674,0
3463,0
12672,0
9835,1
8076,1
3797,1
805,0
3015,0
4034,1
10903,1
5659,0
7855,1
1332,0
10308,0
4250,0
3986,0
899,1
9183,1
6660,0
5388,1
3434,1
4178,0
1753,0
10515,0
527,1
560,0
10270,1
1548,0
11917,1
6025,1
6409,1
9532,0
8874,0
4934,1
8454,1
10884,1
1663,0
10031,0
11705,1
12135,0
12442,1
6747,1
131,0
7189,1
7105,1
1218,1
10445,1
7812,1
8607,0
8215,1
678,1
11588,1
5578,0
8382,0
9523,1
12289,1
7905,0
5963,1
3682,1
1295,1
9244,0
8633,0
10933,1
758,0
11579,0
8637,0
832,0
11707,1
4182,1
4243,1
9381,0
3454,1
12107,1
963,1
8273,0
3567,0
11702,0
8319,0
8812,0
2661,1
2435,0
4618,0
359,0
3158,1
4422,0
1699,1
7311,0
10727,0
3068,0
4605,0
748,0
4303,1
1685,1
5871,0
1810,1
11784,1
7949,0
967,0
2121,0
1285,1
3528,0
3276,1
9819,0
12088,0
244,1
11004,0
3666,0
6938,1
2055,0
10245,0
5590,0
5642,1
1017,1
154,0
9456,0
6590,0
6593,0
1029,0
9927,1
6521,1
10678,0
6489,0
9236,0
127,0
2145,1
9910,1
10007,1
9434,0
1861,0
6412,0
10327,0
2601,0
1630,1
2204,1
708,1
1015,0
11618,1
587,1
7380,0
6288,1
4451,1
8192,0
3043,0
7195,0
1619,0
2182,1
4054,1
3884,0
3603,0
1393,0
4957,1
1115,0
11497,1
5021,1
2906,0
1588,1
3333,1
4944,1
12382,1
4932,1
521,1
12003,0
5751,0
6921,1
1816,0
9944,0
1776,1
7765,0
7144,1
2226,1
835,0
11385,0
6512,1
7780,0
2257,1
2640,0
2397,0
1914,1
5005,0
3588,0
7880,1
33,0
9673,0
1182,1
5402,0
8102,0
946,1
9652,1
6961,0
3315,0
3841,1
1082,0
11381,0
3537,0
2103,0
3271,1
9710,1
415,0
11673,1
7334,0
1805,0
7868,0
12063,0
3020,0
11770,1
12091,0
10029,1
8880,0
3118,0
3443,0
7335,1
6757,0
482,0
12631,1
2683,0
4539,1
11764,0
6252,0
8430,0
9112,0
8733,0
12151,1
1479,1
3059,1
7124,0
4778,1
4419,1
3490,0
4083,0
12123,1
6383,1
8183,1
3961,1
10422,1
3927,1
675,1
3787,0
3258,1
5949,0
2651,1
4353,0
5034,0
8964,1
6014,1
11638,1
11507,0
11113,1
3320,1
1026,1
6997,0
348,1
11269,1
4717,0
3104,1
9879,1
12529,1
7178,1
7122,0
10373,0
1166,1
4718,0
3291,1
6729,1
1787,0
9392,1
12049,0
7130,0
11769,0
4991,0
4914,1
7546,0
847,1
4517,1
9497,0
6586,0
2742,0
9439,1
10207,0
1984,1
2679,0
11661,0
4101,0
8139,1
5284,1
7045,0
317,1
6385,0
11692,1
11896,0
5531,0
2408,0
4150,1
6705,0
2172,1
10618,0
10177,0
6263,0
9002,0
12698,1
5194,0
7629,1
3535,0
8195,1
12093,0
7368,1
10375,1
2349,0
3771,1
2990,0
3720,1
6990,0
3970,1
12361,1
5903,1
8502,0
7891,0
10711,1
2959,0
727,1
545,0
3692,1
433,1
2420,1
4431,0
6483,1
12646,1
5448,1
9960,0
11340,0
10252,0
1614,1
5254,0
2565,0
11323,1
4239,1
1506,1
8992,0
4779,0
12276,1
9332,1
1331,0
2745,0
3768,0
10431,1
6029,0
11133,1
631,1
12285,0
6159,0
623,1
8034,0
10578,1
8147,1
618,0
12177,1
12043,1
12290,1
3693,1
10545,1
6672,0
12316,0
9660,0
4620,1
1326,0
6760,1
5094,0
6551,1
903,0
9751,1
10176,0
1554,0
6788,1
3377,0
8057,1
158,1
2033,0
6620,0
8401,0
7680,1
2984,0
8211,1
12692,0
11301,1
9503,0
200,0
5737,0
9559,0
7597,0
5869,0
11818,1
3982,1
7571,1
2610,1
12005,1
9518,1
5694,1
1469,0
6069,1
11156,0
1433,0
1679,0
6326,0
2168,0
8643,0
1468,0
10225,1
8201,0
2038,1
2332,1
7848,1
7008,0
1214,1
12312,1
6463,0
5267,1
10854,0
10576,1
875,0
11002,0
3274,1
1443,0
5489,0
4887,0
6090,1
9242,1
9769,0
3432,0
2179,0
10192,1
9871,0
4001,1
1828,0
8174,1
12492,0
295,0
6357,0
1220,0
3837,0
5450,0
10262,1
2421,0
3604,0
9043,0
1175,0
7294,1
10441,1
5636,0
4818,1
10905,0
6135,1
109,0
12263,1
1496,0
2098,1
889,0
11043,1
8116,0
10817,0
5140,0
3960,1
10823,1
622,1
733,0
5135,0
5482,1
8573,0
3585,1
4593,1
8209,0
6297,0
11913,1
7222,1
6741,0
9729,0
9498,1
9325,1
9801,0
7331,0
11083,1
10206,0
9009,0
9231,0
5722,0
10499,0
10129,0
10915,0
4913,0
7648,0
2060,0
10900,1
10879,1
385,0
8806,1
3799,0
10677,1
10299,0
10645,1
2154,1
7497,0
6055,0
2853,0
6645,0
1904,1
11762,0
10885,0
11343,1
263,0
1040,1
2658,0
1256,0
8679,1
8162,1
10043,1
932,1
7179,1
570,1
5106,0
5437,0
5358,0
12220,1
5929,1
4405,0
5087,0
9888,1
7516,1
100,1
8789,0
7881,1
6952,0
5132,0
11000,0
7099,0
11334,0
8302,0
5251,1
594,1
448,1
1866,1
5844,0
12686,1
2215,0
12280,1
3705,1
12215,1
542,0
7420,1
236,1
4311,1
4153,0
1111,0
7663,1
12196,1
6931,1
23,0
2405,1
10892,1
4171,0
12593,1
6423,0
7094,1
7485,1
3502,0
5228,0
2385,1
6958,0
9259,0
5641,0
5719,0
9251,0
10190,0
9088,1
7624,1
2113,1
5503,0
6978,0
950,0
8611,1
3397,0
6686,0
7011,0
9842,0
10649,1
12671,0
10341,0
5182,0
2604,1
1415,0
2303,0
8285,0
11675,0
7605,0
1049,1
9010,1
12578,1
2766,0
4896,1
12185,0
3096,1
6650,0
8137,1
7494,0
10411,0
7062,0
4510,1
4999,0
2765,0
1909,1
9044,1
6532,0
8037,0
11418,1
11763,1
2907,1
4006,1
12255,1
2149,0
10722,0
3669,0
6771,1
4167,1
11910,0
7453,1
1784,0
4293,1
4599,0
7054,0
8738,1
7166,0
11123,1
12743,1
4331,1
1905,1
2535,1
5802,0
7830,1
11389,1
8991,0
673,0
10022,0
5549,0
6113,0
1371,0
3099,1
8340,0
3167,0
10772,0
6366,1
12078,1
4584,0
45,1
8750,1
7342,1
8038,1
10012,1
10904,1
2280,0
2654,1
266,0
8759,1
2035,0
11468,1
6632,1
10105,0
7387,1
12119,0
7396,0
10539,0
12444,1
9408,1
9959,0
2406,1
6720,1
4004,1
11541,1
5532,0
12511,1
9245,1
11882,0
5314,1
11957,1
6734,0
9278,0
166,1
3095,1
7839,0
965,1
5542,0
2095,0
3580,0
3082,0
6874,0
4978,0
11277,0
11035,1
9572,0
1536,1
839,0
9277,1
10925,0
5453,0
10610,0
9116,0
8001,0
2840,1
3016,0
3055,0
2554,1
3996,1
9417,0
661,1
4065,0
2830,0
2630,0
9317,0
7825,0
674,0
4069,1
12573,1
11388,0
4091,1
8567,0
1232,0
1795,1
7575,0
8937,1
3701,0
6701,0
6351,0
7141,0
10494,1
259,1
308,1
6444,1
9529,0
11291,1
5327,0
12502,1
12663,0
10046,0
5130,1
3576,1
5436,0
5484,1
9118,1
6094,0
7210,1
34,1
7561,1
8747,0
1743,0
6509,0
11918,0
3496,0
3674,0
7501,1
12455,1
1719,1
5143,0
8616,0
10555,0
901,1
10553,0
947,1
6442,0
252,0
7938,0
4952,1
821,1
7131,0
3107,1
3643,1
3139,1
9955,0
8819,1
10281,0
4416,1
9121,0
2300,1
12602,0
11772,1
5305,1
7422,0
12204,1
11821,1
5515,0
1546,0
5472,1
6828,0
5128,1
10808,1
6617,0
5097,0
4987,1
12377,1
12335,0
4702,1
2117,1
11496,1
11687,1
1768,0
3484,1
210,0
9979,0
10126,1
5879,1
11712,0
11107,1
4292,0
8169,1
3110,1
8692,0
6916,1
9147,1
1510,0
5790,1
1418,1
7451,0
3433,0
5616,1
10102,1
5204,1
1041,0
4358,0
3664,1
10011,0
6185,1
8123,0
8188,0
1991,1
4381,1
56,0
3421,1
11602,0
12155,0
1941,0
10797,1
10139,1
188,0
9432,1
7874,1
909,0
2656,1
73,0
9644,1
1095,0
4404,1
7115,0
7230,0
4625,1
10745,1
4393,0
6196,0
10483,0
2882,1
11862,1
4977,0
6056,0
8280,0
3629,0
8994,0
1135,0
4736,0
3526,1
8376,0
4187,0
6174,0
11846,1
10840,1
723,1
5811,0
1323,0
10181,1
3586,1
845,1
4746,1
11407,0
1417,0
9176,0
8716,0
6628,0
12657,1
3464,1
2530,0
2737,0
1552,1
8885,0
255,0
7273,1
4798,0
8929,0
3331,0
3756,1
3521,0
4492,0
10935,1
8539,1
4144,1
7289,0
9566,1
7598,0
11593,0
4557,0
3889,1
10744,1
5080,0
11442,0
8408,0
5224,0
8129,1
10392,1
4488,0
1324,1
2861,0
5890,1
10389,0
1902,0
9681,1
10753,0
2069,0
83,0
9453,1
8377,0
6876,0
484,0
7228,0
7705,0
921,0
5870,0
6783,0
11070,0
9188,1
10974,1
3446,0
12534,1
4561,0
3565,0
4869,0
8802,0
3112,0
6042,1
8610,0
12040,0
9975,1
6003,0
7838,0
11479,0
2734,0
6282,1
7127,0
7316,0
4684,0
3667,0
1779,0
7979,0
11682,1
7725,1
9063,1
5570,0
2961,1
46,1
12538,0
197,0
1069,0
10293,0
5368,0
9194,0
1283,0
11616,1
616,0
9347,1
113,1
99,1
1623,0
3804,1
10557,1
9027,0
4038,1
8025,0
8352,1
7103,0
11815,0
8326,0
4681,0
9634,0
5465,1
5231,0
7204,0
11499,0
165,0
1255,0
12245,0
12661,1
3546,0
8599,1
1511,0
12656,0
7978,0
4473,0
1153,1
11930,1
10640,1
1141,1
6712,0
6540,0
6364,0
4186,0
11701,1
2333,0
1574,1
490,1
11326,1
5349,1
3740,1
10697,0
2724,1
4027,1
3514,0
9455,0
11360,1
289,0
9811,0
11680,1
779,1
4372,1
8113,0
1203,1
12305,1
9779,0
2799,1
10089,0
11731,0
2650,1
8948,0
9909,0
6811,1
1085,0
5348,0
4609,0
9565,1
7514,1
1272,0
2606,0
11006,0
6336,1
10774,0
4661,1
219,0
1192,0
2618,0
8625,0
12702,1
1187,1
3911,0
8108,0
3011,0
11528,1
12741,1
4659,0
9228,1
6704,1
9364,0
10180,0
9113,0
10572,1
2767,1
10140,1
4666,0
7950,0
6678,1
12080,1
10691,0
8321,1
3494,1
4883,0
2682,1
1343,0
5653,1
5186,0
2067,1
5287,0
8832,0
916,0
3210,1
10359,1
3925,0
3396,0
6136,0
11380,0
9539,0
12665,1
510,1
10311,0
5074,1
5856,1
7851,0
10789,1
2778,1
3145,0
7357,0
345,0
2811,1
9035,0
1355,1
4994,1
2378,0
2432,0
242,1
60,0
8830,0
1858,0
10211,0
7268,0
11739,1
3915,0
8904,0
3168,0
172,0
12113,1
1211,1
5545,1
12317,0
4515,0
6061,0
201,1
12558,0
1692,1
10590,1
1593,0
2017,0
8594,0
5403,0
881,0
4334,0
7975,0
2502,0
9305,0
12583,1
7489,1
10589,1
11756,1
5675,0
7415,1
9039,0
1829,1
4005,1
1313,1
5172,1
4138,0
7563,0
1581,0
3722,1
1638,0
10175,0
186,0
11959,0
2988,0
1011,0
12104,0
2955,1
5889,1
8266,1
5780,1
2564,1
6348,1
7251,1
2996,0
8371,0
6453,1
10487,0
12216,1
10110,0
8254,0
6360,1
11576,1
6458,1
9689,0
806,0
2062,1
6476,1
8749,0
4062,1
3708,1
10459,1
11727,1
10782,1
7550,0
9560,0
4942,0
3449,1
6698,1
9898,0
12002,0
5004,0
7576,1
11817,1
339,0
10547,0
2932,0
5339,1
4689,0
6209,0
7927,1
6773,1
12689,1
1517,0
4170,0
10243,1
8442,0
6203,1
7464,0
11500,1
2583,0
1579,1
8786,1
1279,0
5081,0
11443,1
6929,0
2452,1
7030,0
11254,1
800,1
6508,1
3633,0
9294,0
10406,0
6779,1
576,0
2233,1
4848,1
10754,0
7865,1
12652,0
10752,1
10567,0
10131,1
1965,0
11292,1
2010,0
10814,1
6525,0
9633,0
10709,1
8425,1
3843,1
9229,1
8505,1
9162,0
6175,0
9306,0
2464,1
11087,1
2881,0
7423,1
9271,0
12303,1
8058,0
10565,1
12081,1
10137,0
3812,0
9776,1
11073,0
10663,1
12501,0
11081,1
9104,0
3429,1
3816,0
3053,0
3128,1
12539,1
2099,0
5210,1
2375,0
4133,1
978,1
11126,1
12211,1
1160,0
8495,1
2417,0
9221,0
7761,0
133,1
8729,1
11584,1
824,1
3461,1
3438,0
6389,1
9256,0
7753,0
9409,1
9268,1
8518,0
8732,0
3519,0
175,0
12089,1
10764,1
10388,0
1416,0
7628,0
8049,0
4487,0
9235,1
8059,0
6536,1
4482,0
9003,0
4677,1
8476,1
2454,0
11455,1
2094,1
5561,1
3098,0
10470,0
12252,1
6019,0
762,0
3261,0
12266,0
12325,0
6320,1
4989,1
11038,1
3061,0
873,0
2387,0
7248,1
3522,1
3709,1
11220,0
10158,0
7734,0
3194,0
5534,1
11024,0
9626,1
3898,0
3275,0
2659,0
11299,1
908,0
11404,0
3728,1
5697,0
12260,1
10913,1
1556,0
11311,0
6868,1
9891,0
11847,1
7184,1
3999,0
10968,1
5827,1
7967,1
7017,1
5028,1
6286,1
12488,0
2849,0
3356,1
2386,0
9467,0
3362,0
883,0
5321,1
6240,1
11721,1
1501,1
6062,0
2181,1
5027,1
8864,1
4423,0
3696,0
37,0
283,0
11068,0
206,1
11630,1
5195,0
1587,0
4867,1
5169,0
4338,0
12639,0
12559,0
8669,1
4606,0
1940,0
9733,0
2463,1
5311,0
4575,1
7977,1
4772,1
9324,0
4315,0
12733,0
874,0
10773,0
231,0
1907,0
1993,1
4057,1
1395,1
12279,1
6989,0
12347,0
12522,0
11215,1
3457,0
4224,0
2476,0
9808,0
11654,0
5712,1
1650,0
7206,0
1640,1
7355,1
5885,0
8093,1
8080,0
1262,0
5268,1
6934,0
2753,0
2615,1
8031,0
3175,0
12110,1
11530,0
4447,0
5188,0
1337,1
7805,0
3975,0
10897,0
962,1
6888,0
535,0
2557,0
933,1
10761,1
144,1
3019,0
3051,0
8062,0
11067,0
9750,1
4997,1
11946,0
8562,0
3372,1
12208,1
2599,1
5219,0
2150,0
6782,0
12675,1
7027,0
6066,1
7560,0
3383,0
2439,1
352,1
12722,1
10025,0
5562,0
2515,0
7817,0
6261,1
3845,0
10783,0
6363,0
10446,1
4843,1
9008,0
1159,1
10938,1
11181,0
1504,1
4803,0
11325,1
3206,1
3369,0
6111,1
7630,0
1759,1
9014,0
2108,1
8152,0
877,1
3833,1
3364,0
6753,1
9045,0
12232,0
2957,0
5471,0
11506,1
12221,0
2561,0
5668,0
2369,0
6271,0
6985,1
6325,0
11349,1
5313,1
7411,0
9568,1
7676,0
4023,0
5936,1
5681,1
10835,1
2639,1
1438,1
10939,0
7373,0
4521,1
7942,1
4157,0
2225,0
4856,0
7714,0
10501,0
9976,1
9579,1
5243,1
7800,1
1275,1
11257,1
11748,1
4448,0
1711,1
7086,0
4851,0
2730,1
8742,1
3648,0
1270,1
1314,0
9092,0
9552,0
10505,0
796,0
6365,0
11003,1
2316,1
5942,1
7452,1
7225,0
12386,1
1532,0
6344,0
5839,1
1748,0
9907,0
11643,1
12073,1
3795,0
3730,0
3636,0
11401,0
182,0
2804,0
11714,0
8230,0
9764,1
12694,0
10947,1
3263,0
4616,1
8544,1
9587,0
11866,1
2954,1
5381,0
11037,0
3952,0
2466,1
8791,0
9612,1
12042,1
9478,1
1681,0
9714,1
10318,1
8648,1
487,1
10016,1
6321,1
934,0
2289,0
7645,0
2747,0
10002,1
528,0
10519,0
8404,0
5350,0
12023,0
5280,1
11278,1
11152,1
5877,1
2484,1
5297,1
11969,0
11754,1
11085,1
7510,1
6778,1
2700,1
11511,1
6866,0
5984,1
1114,0
10921,1
11788,1
4063,0
3042,1
2946,1
5605,1
6307,0
8942,1
8859,0
4898,1
1898,1
5481,0
10101,1
6575,1
7077,0
5988,0
4755,1
10383,0
3376,1
8728,0
1091,1
1140,0
12274,1
1367,1
2130,1
6093,1
1647,0
9953,1
11875,1
1982,0
10880,0
2589,0
7364,0
12476,1
9923,0
11090,0
4402,0
3910,0
7767,0
1863,0
1821,0
2022,1
9058,1
11695,1
4305,1
4371,0
12397,1
2173,1
8396,0
8423,0
1306,0
1252,0
11755,0
190,1
7180,0
5057,0
3879,0
4453,0
2089,0
1830,1
3338,1
4611,1
9620,0
3836,1
9649,1
10914,0
7823,1
7275,1
7691,0
145,1
3072,0
11259,1
9412,1
3644,0
10617,1
7430,0
4560,1
6127,0
10058,0
7391,0
7631,1
137,0
2371,1
9623,0
6692,0
8640,1
6070,1
8546,1
2987,0
10075,1
3967,1
10255,1
7900,1
11686,1
10692,0
68,0
10085,1
655,0
3160,0
9715,0
1375,1
4687,0
789,0
10749,0
1072,0
4889,0
5786,1
7272,1
11268,1
2241,0
4016,0
525,0
8197,0
1465,1
8676,0
6726,0
8051,0
11094,1
4195,1
3512,0
12392,1
193,0
3311,0
9260,1
4222,0
9100,1
562,0
5687,0
2569,1
8421,1
7454,1
5418,0
10082,1
2676,1
5586,1
1928,0
2837,0
6052,0
9584,0
11524,1
6387,0
6156,0
9653,1
5847,1
10846,1
5030,0
6146,0
4413,1
2803,0
1062,0
10984,0
7440,0
4348,0
9326,0
10987,1
2480,1
6047,1
3178,0
3119,1
12417,1
3196,0
3441,0
9861,1
9636,0
1745,0
5324,1
5619,1
3882,0
7842,0
8715,0
10090,1
7547,1
4462,1
10305,0
5343,1
10257,0
11312,0
7001,1
1936,0
1680,0
403,1
11296,1
3076,0
5923,0
11420,1
3823,1
10202,0
12375,1
5309,0
7322,1
11476,1
4076,1
5656,0
4234,0
7028,1
4665,0
5198,0
12422,1
11696,1
11925,1
12533,0
9993,1
4731,1
3474,1
11551,1
9380,0
3229,0
8318,0
2850,0
11025,1
2632,0
823,0
1567,0
4261,0
4084,1
1808,1
8271,0
1857,0
6374,1
8416,0
2919,1
8459,1
3815,0
5753,1
4026,0
11179,1
329,0
2521,0
3050,0
3940,1
11086,0
10932,1
10878,1
11605,1
5049,1
7759,1
185,1
12086,0
4676,0
11431,1
12696,1
6257,0
5031,0
8316,1
3714,0
8047,0
12373,1
11909,0
5553,1
5372,0
6495,0
9563,0
7405,1
9893,1
2522,0
8153,0
10328,1
6889,1
2248,0
12654,1
520,1
9375,0
10415,0
3742,0
1686,0
3560,0
6739,0
8823,1
6658,1
4314,0
3499,0
3085,1
4098,0
8248,1
10731,0
7257,0
1526,0
3508,0
9674,1
2104,0
3063,0
12310,0
342,1
794,0
10349,1
11933,0
5838,0
8496,1
3855,1
10260,1
3834,1
10167,0
7771,1
2895,0
9906,1
4790,1
730,0
8961,0
3012,0
7148,1
10768,0
2978,1
1964,0
12098,1
9170,0
7862,1
7085,0
11952,1
10651,1
1036,0
10975,1
5917,0
10771,1
4953,0
4728,1
9061,1
3995,0
10052,0
1413,0
1562,1
654,1
4538,0
1788,0
7935,1
1450,0
12034,1
491,1
6323,0
8055,0
1883,0
6450,1
10542,0
5504,0
7253,0
8399,0
7696,1
2715,0
1755,0
4347,0
4822,1
8720,0
5018,0
8576,1
8151,0
12499,1
3199,0
12519,1
8171,1
10738,1
11646,1
10894,1
7666,0
6581,1
8333,1
1238,1
8660,0
2188,1
3808,0
301,0
11414,0
6479,0
2939,0
7424,0
6967,0
10656,1
10439,1
282,0
10037,0
11905,1
10865,1
4855,0
9446,1
380,1
11264,1
11307,0
833,1
4927,0
10706,1
2218,1
10518,0
2223,1
8710,1
10858,0
4623,1
9515,0
6641,1
11510,1
12693,1
2866,1
5708,0
11319,1
10062,0
8050,1
11458,0
2880,0
7638,0
2673,0
5884,0
8693,1
10197,0
4662,1
7898,1
1179,0
1287,0
2097,1
5842,0
10325,1
3242,0
1307,1
4796,1
3413,0
2107,0
5205,0
6928,1
10074,0
1478,0
10662,0
12142,1
12551,1
9602,0
3197,0
2549,1
10201,0
7281,0
3280,0
6736,0
7005,1
11190,1
4622,1
7559,1
8667,1
9289,0
2059,1
3487,1
10724,1
628,1
5190,0
3246,0
4672,0
12248,0
6110,0
10125,1
8852,1
12044,1
1622,1
930,0
11537,1
12691,1
5159,0
12563,1
6987,0
3214,0
4546,0
434,0
8277,0
6101,0
3717,1
310,0
6806,0
2160,1
8233,0
1335,0
9897,0
325,0
480,0
4401,0
10000,0
4961,1
3188,1
900,1
5575,0
10,0
1721,1
11972,1
3749,1
9537,1
6064,0
11158,0
9830,0
3536,0
5565,0
2240,1
4876,0
7658,1
9685,0
778,0
4172,0
6629,0
9799,1
10087,1
5405,1
5523,0
10739,1
4540,0
8135,1
8234,0
9575,0
7470,1
10444,0
9702,0
683,0
5356,0
6892,1
12413,1
12531,1
11812,0
6879,1
1121,0
6012,1
10199,0
5606,0
4506,1
11639,1
10766,1
2217,1
5704,0
11324,0
732,0
8432,1
11116,1
4664,1
11572,1
12517,0
799,1
6780,0
8583,0
5406,0
7740,0
1668,0
2915,0
5261,0
287,1
6237,1
4723,0
4031,1
11256,0
304,0
8785,1
5891,0
8999,0
2493,0
5861,0
1635,0
7809,0
2885,1
10492,0
3497,0
11542,1
6793,0
5810,0
4040,1
7018,0
9635,0
10608,1
6763,0
7850,0
10848,0
7944,1
12475,1
10313,0
11963,1
5909,0
8358,1
7785,0
811,0
11366,0
10448,0
10673,1
4783,0
4880,1
8532,1
1071,0
2347,1
7743,1
11396,1
2912,0
9209,0
8124,0
9366,0
9033,0
4425,0
6236,1
3230,0
11124,1
8516,0
2794,0
6037,1
11663,0
5221,0
12630,1
5390,0
6290,0
10889,0
9929,0
5457,1
9541,0
7082,0
5493,0
3108,1
4646,0
597,1
5319,1
117,0
381,0
10040,1
5950,0
928,1
4102,0
12440,0
2007,0
2985,0
3527,0
10596,0
7878,0
9334,0
9628,1
4860,0
366,0
431,1
11255,1
6041,1
11621,0
5025,0
3998,0
5977,1
457,0
9917,0
6587,0
4366,0
9160,1
11977,1
88,0
1553,0
4468,0
4126,1
2815,1
3772,1
4900,1
4502,1
626,0
7015,0
8623,1
5914,1
4533,0
9789,0
2270,1
10688,1
5421,1
4759,1
9036,0
1715,1
10215,1
8354,0
4481,1
643,0
12711,1
10625,0
7853,1
9476,0
6338,0
3736,0
929,1
672,1
10179,1
8036,0
8598,0
11799,0
5974,1
6643,1
3087,1
62,1
11632,1
6499,1
5199,1
48,0
4675,1
11469,1
11286,0
538,0
3381,0
7656,1
6732,1
2419,0
9016,1
4266,1
12456,1
2224,0
2448,1
9928,1
10887,1
5533,1
12254,1
11189,0
8860,0
8479,1
4674,0
11095,0
7385,1
919,1
6435,0
8995,1
3611,0
7333,0
5999,0
3626,1
10686,1
108,1
9684,1
1441,0
12351,0
4553,0
493,0
9688,0
9677,0
9320,1
9570,0
7726,0
9145,0
10068,0
12130,1
707,0
7176,1
5281,1
12457,0
8177,1
9794,1
10356,0
6027,0
1028,1
2403,0
2391,1
5809,0
11188,0
4299,1
8677,0
3731,0
5073,1
1225,1
8079,1
4917,0
3689,1
6972,1
1245,0
5184,0
564,0
3903,0
7872,1
2738,1
2368,0
7063,1
5247,1
2260,1
7806,1
7450,1
5878,0
10065,0
2344,0
10034,1
1370,0
9495,0
10127,0
10347,0
2239,0
10995,1
1952,0
10080,0
3891,1
11849,1
6210,0
7702,1
3209,1
4780,1
5375,1
9546,0
5486,0
10760,1
11403,0
5179,0
3147,0
8737,0
11271,0
559,0
12483,1
6038,0
3071,1
2268,0
2808,1
3848,1
10289,1
4833,1
1682,1
11793,1
6454,1
11783,1
4450,0
10723,1
8853,0
1488,0
12174,1
9097,0
9746,0
2231,1
5300,0
6642,1
3639,1
8085,0
8441,0
5139,1
3578,1
8490,1
2105,0
4174,0
3470,1
7662,0
11776,0
4749,1
7916,1
10725,1
2144,1
11726,0
3223,0
3933,0
2114,0
5429,0
3458,0
2481,0
9974,0
8417,1
8107,0
4760,0
7965,0
11667,0
5544,0
9527,0
6088,0
2823,0
649,0
10720,1
522,1
9843,0
549,1
6028,0
2326,0
2976,0
1604,1
3302,1
6455,1
10005,0
7795,1
2126,1
1397,1
9488,1
5209,0
775,0
5099,1
10584,0
1294,0
10386,1
10742,0
8170,0
4636,0
6497,1
5670,0
3308,0
942,1
4229,1
7295,0
5019,1
9136,0
10163,0
7231,1
1972,0
3511,0
7641,0
4198,0
10413,0
49,1
10050,1
9874,1
12259,1
3181,1
12096,1
4483,1
1545,1
2394,1
3018,0
12579,1
2763,0
5396,0
5443,0
5932,0
3870,0
4764,0
12600,1
7023,0
5240,1
8024,0
8002,1
5428,1
1796,1
6082,0
12644,1
2214,0
1258,0
1398,1
12295,1
11376,1
5079,1
12165,1
12366,1
8096,0
12547,1
2082,0
4513,0
1470,0
5886,1
717,1
2757,1
579,1
6126,0
4272,0
5398,0
6193,0
4109,0
1660,1
9732,1
8060,0
6000,0
3785,0
459,1
6354,0
1458,1
885,0
75,0
318,0
12191,0
2965,0
11122,1
12695,0
12596,1
12076,1
10813,1
2164,1
2643,0
4579,0
11806,1
980,1
12246,1
5795,0
9023,1
4129,0
701,0
3972,1
4523,0
1729,0
9399,0
168,0
2392,0
350,0
7087,1
7504,1
8133,0
10427,0
10241,0
12038,1
6781,1
4712,1
5756,1
7678,0
3216,1
11813,0
567,1
7694,0
2536,0
10496,0
10750,1
8800,1
7121,1
11474,1
4169,0
5070,0
12115,1
7211,0
10508,1
753,0
7708,0
11697,0
2704,0
8068,1
605,1
12560,1
11676,1
12004,1
5066,0
3448,1
3200,1
8435,0
5752,0
3504,0
10358,0
8814,0
2842,0
2969,1
3445,1
4264,0
12179,1
3538,0
1217,0
11466,1
9831,0
3981,1
87,0
8208,1
5295,0
2008,0
12137,1
1197,1
1228,0
2548,1
10927,1
1150,0
6370,0
4733,0
2935,1
6065,0
11358,1
6468,0
1522,1
8463,1
12432,0
2838,1
11150,1
3593,1
3595,1
8780,0
7877,1
6395,0
6049,0
816,1
8912,0
5985,1
7449,0
6605,1
7586,1
10209,0
11814,1
11778,0
8724,1
9788,0
11733,1
4379,1
4162,1
2506,1
5167,0
1879,1
9502,0
7784,1
1247,0
3249,0
8609,0
1911,0
7321,0
10532,1
3631,1
10582,1
2542,1
6596,0
6899,1
3751,0
9258,1
2468,0
5433,1
1832,0
4175,1
8602,0
10615,1
8580,1
3129,1
8939,0
12015,1
10798,1
9585,1
2355,0
11338,1
12330,1
3336,1
2000,1
10399,1
4615,1
12729,1
5218,0
8608,1
2759,1
10039,0
7337,1
6472,0
7286,1
2832,1
373,1
11488,1
2833,1
2288,1
5342,0
5197,1
3971,1
4567,0
1549,0
4375,0
2992,1
6437,0
8298,1
12010,1
6875,0
6790,1
4929,0
1170,0
6152,0
2732,0
3176,0
5442,1
9858,0
6984,0
11369,1
5468,1
1342,1
12308,1
9656,1
3724,1
1720,0
3195,0
7712,1
7116,0
3656,0
4745,1
5032,1
6599,1
10372,0
11744,0
7789,0
2864,0
12605,0
3185,1
7344,1
7199,0
9062,0
2660,1
8727,0
7280,1
4445,1
7639,1
7318,1
11949,1
759,0
7455,1
5013,0
715,0
4025,0
10468,0
5582,0
11485,1
2416,1
10391,0
12094,1
2720,1
8374,1
6787,1
4866,1
3598,1
7151,1
1151,1
12398,0
2652,1
11096,1
9878,1
5026,0
6600,0
3363,0
5237,1
8448,0
7844,0
7829,0
5411,0
10113,0
8816,0
9869,1
8182,0
6827,0
3757,0
2585,0
8066,0
7202,1
2191,1
12348,1
4130,0
5986,1
12103,0
8997,1
8702,1
3472,0
9903,0
6013,1
3009,0
11723,0
7000,0
6895,0
5905,0
2689,1
11034,1
3233,1
552,1
6867,0
8873,0
7955,1
7518,0
8220,0
5215,1
2636,0
5044,1
1718,1
10919,0
3794,1
86,0
1303,1
1865,0
298,1
10354,1
10646,1
8290,0
2373,0
2414,1
1366,0
8776,0
8457,1
3081,0
9864,0
9659,1
5235,1
8900,1
10067,1
6184,1
6132,1
8164,0
4079,0
3289,1
8235,1
12206,0
9352,0
3826,0
3853,1
8556,1
969,0
3945,1
10728,1
7659,1
1505,0
767,1
4399,1
944,1
444,1
8199,0
4319,1
1918,1
876,1
1385,0
11610,1
6863,1
4629,0
3726,0
59,1
6749,0
5944,1
12586,1
4596,0
5256,0
784,0
2320,1
11931,1
10466,0
12087,0
5650,1
781,1
361,0
2691,1
8283,1
11049,0
397,1
1309,0
6230,0
818,1
12567,1
3946,0
6424,1
3452,0
9031,0
7113,0
670,0
1700,1
3979,0
10285,1
6312,0
3775,0
12021,1
2049,1
12523,1
9982,0
1132,1
216,1
29,1
9631,1
4815,0
5260,0
9286,1
5804,1
9373,0
4630,0
1226,1
5101,0
12166,1
4248,0
12175,0
925,1
6939,1
11427,0
2590,1
2760,1
12385,1
4135,1
11410,1
320,0
7110,0
11172,0
2888,0
12395,1
5385,0
3184,1
11771,1
9026,0
3201,0
9413,1
6475,1
768,0
11975,1
7298,0
9576,1
9444,0
6310,0
3739,0
2395,1
9079,0
9020,1
4253,0
1181,0
3763,1
5376,1
7291,0
4847,1
8883,0
4985,0
12001,1
7843,1
351,1
9586,0
11092,1
6691,1
10600,0
4257,1
3616,1
1518,1
1607,0
7476,0
1789,1
8449,1
10345,0
12549,1
1683,0
4703,0
5599,0
4922,1
2475,0
10116,1
10874,0
6300,0
2483,0
9323,1
2903,0
12679,1
5326,1
2265,0
3285,1
3141,1
9388,0
11743,1
11669,1
9471,1
10667,0
12181,0
6746,0
9661,0
2457,0
4071,0
2453,1
9051,1
12227,1
11992,1
10612,1
112,1
5815,1
5196,0
12561,0
7555,0
9971,0
9770,0
7698,0
10795,0
6813,0
1244,1
7606,0
7312,0
5104,1
9178,0
1641,1
1259,1
8848,0
3,0
1777,1
425,0
8884,1
11241,1
388,1
7326,1
6633,1
4518,0
465,1
5908,1
5934,1
5454,0
6598,1
3513,0
2281,0
4330,0
7746,0
10267,1
4564,0
6566,0
4931,1
11295,1
534,0
3832,0
2410,0
5881,0
3368,0
4551,1
7041,0
198,0
4289,1
9280,1
10517,0
574,1
12491,0
12737,0
1,0
5691,1
499,0
12162,1
3303,1
2510,0
115,1
7593,0
291,1
1871,1
7917,0
10220,0
12218,1
4391,1
10769,0
6553,1
10277,0
11831,1
10500,1
8398,0
2271,1
4317,0
6253,0
2071,0
6269,0
79,0
3835,0
2713,0
2600,0
8695,0
2805,1
4624,0
11171,1
10366,1
8168,0
7002,0
8589,0
9099,0
639,0
1761,1
3088,1
8390,0
7304,0
8314,0
2579,0
7276,0
8140,1
8083,0
12489,0
4937,0
8451,1
7242,0
7488,1
1585,0
2699,0
6625,1
10027,1
5036,0
8232,0
9946,1
4824,0
8765,0
1144,0
8956,0
9963,0
4018,1
9192,1
8734,0
8766,0
11830,1
6199,0
2436,0
2886,0
10141,0
10705,0
2292,0
11649,1
1315,1
2185,0
9778,0
5632,0
12128,1
5609,1
2441,0
10526,0
12588,1
3558,1
7556,1
1061,1
6189,0
3864,0
2635,1
10060,0
8986,0
5227,1
12223,0
8701,1
3422,1
3654,1
3322,0
94,0
8531,1
6522,1
2324,1
5249,0
5998,0
6231,0
7936,0
1347,1
906,0
7923,0
6893,1
1790,1
10788,1
11173,0
7360,0
9445,1
4647,0
31,0
586,0
4592,1
10592,1
11294,0
6367,0
11623,0
2568,0
3109,0
9296,0
6486,0
12171,1
3814,0
7745,1
1346,1
5333,0
4176,0
1713,1
10871,1
4490,1
5183,0
5000,0
3847,1
12615,0
6541,1
7203,1
1589,0
5995,0
10479,0
1439,0
11130,1
2716,0
4420,1
2359,0
11659,0
1751,0
4951,0
914,1
1330,0
9549,0
11306,1
1090,0
9368,1
6232,1
7954,1
5743,1
7019,0
6439,0
378,0
4699,1
5085,1
4730,0
11193,1
80,0
8865,1
1762,0
5310,0
8543,0
11309,1
7042,0
10214,1
4604,0
1149,1
4260,1
3000,0
3993,0
3083,0
4137,0
6784,0
9266,0
9083,1
5012,0
6018,1
11197,1
8644,0
6977,1
12437,0
5548,0
2129,0
10239,1
1785,1
10863,1
9394,0
2949,0
6397,0
7059,1
7660,0
1687,1
327,1
7703,1
1775,0
5729,0
6774,0
7706,0
9637,1
409,1
10822,0
6324,0
954,0
5684,0
1117,0
8870,0
12677,1
7987,1
10886,0
8536,1
8296,0
884,0
8781,1
10124,1
372,1
7793,1
2340,0
2917,0
7989,0
5477,0
2723,0
8491,0
8659,0
7365,1
4218,0
11386,1
6717,1
6168,0
8427,1
3121,0
6006,0
375,0
1602,1
5770,1
271,1
12160,1
5658,0
8593,0
2513,0
680,1
4739,1
601,1
3090,1
12149,1
4829,0
5893,1
6841,0
12184,1
7049,1
3781,0
9292,1
11990,0
7149,1
7244,0
11080,1
3694,0
2681,0
2937,1
1185,0
9648,0
10279,1
4236,1
741,0
1480,0
3990,1
11138,0
7435,0
4879,0
2858,0
6891,1
4435,0
4948,1
4246,0
12054,1
11902,0
6690,1
4881,0
396,0
11681,1
3559,0
4475,0
3430,1
6471,1
12018,1
10521,0
7153,0
9227,1
5010,0
5536,0
4321,1
9123,0
8238,0
3103,1
11225,1
11303,1
4955,1
4805,0
11929,0
5591,0
6890,1
2176,0
10883,0
11472,1
2365,0
5469,0
11058,1
793,1
10329,0
10541,1
1892,0
7718,1
9252,0
9032,1
551,0
3371,1
7573,1
1611,0
12487,0
9315,0
7748,1
12739,1
2702,1
10956,1
479,0
10804,0
1664,0
10579,1
8831,0
9219,1
7370,0
1404,0
5316,1
12072,1
6682,0
4122,1
4296,0
10605,1
12618,0
9761,1
10746,0
11199,1
9310,1
4571,0
9269,0
11956,0
6217,1
9948,0
3646,0
8440,1
11559,0
1359,1
11840,1
665,1
5266,1
1853,0
1730,0
10204,1
7209,1
3094,1
6872,0
7262,0
9507,1
174,1
5897,0
11547,1
12687,0
10346,0
1648,1
5800,0
8645,0
12617,1
8825,0
3332,1
8951,1
4908,1
2013,1
10467,0
7930,0
1887,0
1502,1
11135,0
10616,1
7134,1
8901,0
9300,1
5175,1
6713,0
5833,1
8528,0
8317,0
8839,0
7431,0
11477,0
8131,1
10489,1
11136,1
11852,1
861,1
2266,0
2924,1
10077,0
10434,0
3047,0
11761,1
11585,0
9369,1
6008,0
9716,0
12429,1
6594,0
6432,0
9299,0
1908,0
7191,0
10958,0
8257,1
11498,0
9374,1
7215,0
10779,1
3755,0
8447,1
8788,0
2695,0
8305,1
1702,1
2573,0
11859,1
9996,1
7188,0
8105,0
958,1
10213,1
1910,0
2669,0
2512,0
9249,0
2335,1
443,0
10397,0
3770,1
11013,1
10420,0
1897,0
8815,1
12389,1
10733,1
5078,0
8513,0
6446,0
6905,1
7142,1
9383,1
5967,0
8508,1
9601,0
71,0
3460,1
11805,0
11440,0
10991,0
4653,0
6684,1
9443,0
10949,1
2043,1
11187,1
11912,0
5042,1
11347,0
691,1
4345,0
9239,1
10475,1
3386,1
2707,1
3073,0
2698,1
10591,1
2997,0
12606,1
500,1
6448,1
9427,1
9817,0
1007,1
10607,0
7962,1
11900,1
1689,0
2812,0
7957,1
9866,0
3592,0
9760,0
3680,1
21,0
2235,0
230,1
1301,0
4982,0
1319,1
7102,1
8987,0
10117,1
6114,0
4255,1
7301,0
11140,1
8084,0
8555,1
2056,0
11679,0
6080,0
11077,1
3247,0
118,1
7217,0
11503,1
5160,1
12509,0
1937,1
8712,0
2315,0
5378,1
7181,0
11371,1
9852,1
870,1
5527,0
12327,0
2273,1
10704,1
1046,0
9940,0
6001,0
7857,1
8624,1
3601,1
2040,0
5596,0
10507,0
2829,0
4522,0
3410,0
11071,1
11053,0
11935,1
497,1
7651,0
2814,0
7623,1
8334,0
8628,1
11737,0
8453,0
1694,0
4219,1
4638,1
788,0
6748,1
54,0
1424,0
8755,1
8493,1
95,0
2795,0
10485,1
7627,1
9469,0
3872,1
8312,0
1023,1
7174,0
5285,1
850,1
5438,0
7390,1
2221,1
6023,1
9173,0
3950,0
1242,1
3962,0
6922,1
3856,1
6800,0
8540,1
10069,0
10191,0
3149,0
4614,1
1409,1
11260,0
7070,1
3231,0
4306,0
1207,0
12742,0
8641,1
9496,1
5850,0
1819,1
6418,1
10374,0
6123,0
1460,1
8694,1
3489,1
3894,0
7558,0
194,1
0,0
5991,0
1576,1
3284,0
1280,0
5958,0
5282,0
365,0
3544,1
5426,0
12504,0
1356,1
5692,0
6368,0
4971,0
11028,0
8946,1
872,1
3842,1
10642,1
852,0
10286,0
582,0
3991,1
11706,1
6492,1
8650,1
11055,0
10707,0
3254,0
1976,0
7683,0
4158,0
9073,0
9520,0
524,0
636,1
3236,0
12479,1
4181,1
5911,0
8445,0
8212,0
8525,1
1726,1
3240,0
11265,1
7520,1
6200,0
3702,0
9429,1
8958,0
1722,0
10282,0
8438,0
8501,0
6328,0
5964,0
9748,0
2433,0
7832,1
8384,0
7007,1
343,0
5604,0
4325,0
9983,0
11379,0
8003,0
8300,1
3002,1
4631,0
4480,0
4528,0
7068,1
9554,1
5678,1
10111,1
10168,0
12384,1
6251,0
9248,1
7939,1
11141,0
5189,0
5440,0
602,1
3075,0
235,1
11373,1
11519,0
2934,0
11082,1
7498,0
2066,0
1075,0
4268,0
6683,0
4408,0
12205,0
11174,0
9144,0
1414,1
4679,1
11685,1
9664,1
744,0
6204,0
2170,1
3801,0
6956,1
10513,0
9812,0
1018,1
7951,0
991,1
7756,0
12099,1
5573,0
3296,1
11354,0
4112,0
11816,0
4164,1
6656,1
988,1
5782,0
8911,1
5345,0
3046,0
2826,1
6666,1
11370,0
9346,1
6907,0
274,0
1058,0
12393,0
7469,0
5821,0
4304,0
7524,1
3589,1
11408,1
4159,1
4377,1
625,0
10021,0
4750,1
5416,0
591,1
9006,0
1558,1
10639,0
4897,0
225,1
11789,1
5603,0
6153,0
747,0
9950,0
648,1
11464,1
1544,1
9024,0
3222,1
5807,0
7386,0
10476,1
7854,0
5274,0
5399,1
6384,0
12627,0
4532,1
9290,0
7271,0
11835,0
6580,1
10166,1
994,1
8101,0
7869,0
7171,0
7475,0
9047,1
7196,1
5328,0
4632,0
10961,0
11218,1
6362,1
9545,1
12576,1
3777,0
2574,0
3987,1
5374,1
9272,0
1334,1
10203,1
3660,1
6381,0
8210,1
3778,1
5161,0
3520,0
1929,0
3810,0
6020,1
7032,1
8890,1
264,0
8075,1
1998,0
7218,0
6543,1
12545,1
8227,0
3647,0
5401,0
5904,0
5480,0
936,0
9336,1
12269,1
608,0
2927,0
89,0
826,0
4758,0
157,0
9397,0
7447,0
1921,0
4322,0
5462,0
5133,0
2063,0
1474,1
3533,0
3509,1
8579,1
3774,0
6441,0
6925,1
10940,0
2505,0
6319,0
9613,1
6117,1
9195,0
10224,0
1482,0
12066,1
7325,1
367,0
5822,0
11521,1
12188,0
4208,1
1947,1
9839,0
5002,1
6789,0
6775,0
1807,1
798,0
4313,1
12033,0
4525,0
11550,1
4547,1
4588,0
8437,0
6490,0
8465,0
1348,1
5015,0
10966,1
4530,1
3251,1
3858,1
8809,0
9089,1
6053,0
3215,1
12079,1
9676,0
10071,0
4941,1
9153,1
4725,0
3765,0
12736,0
8419,0
2227,0
6601,0
1804,0
9536,0
8044,1
5610,0
11393,1
12621,0
4127,1
3665,0
12710,1
9851,0
9759,1
12571,0
11434,1
1961,1
8512,0
7146,1
2325,0
8130,0
1644,0
4104,1
11079,0
5344,1
5201,1
8166,0
9109,0
8028,1
6589,0
1612,0
11989,0
5628,1
696,0
10664,1
3003,0
7187,1
3830,1
5857,1
4626,1
7858,0
41,1
8367,0
11453,1
6267,0
9132,0
8385,0
706,0
9914,0
5801,1
6571,0
4511,1
456,1
2516,0
1852,1
4601,1
1523,1
3517,1
12237,0
9004,0
3959,1
8872,0
8022,1
7531,1
12028,1
5971,0
7845,1
11161,1
11943,1
8128,0
10020,0
5124,0
5178,0
3992,0
11394,1
9749,1
10183,0
12582,0
5593,1
4832,0
11508,0
11251,1
340,1
6180,0
1453,0
11036,0
7098,0
8397,0
12156,0
4081,1
10070,0
5016,0
7599,1
377,1
2207,1
9473,0
5495,0
4428,1
10794,1
8520,0
11018,1
4993,0
7162,1
4910,0
1867,1
7436,1
2859,0
8460,0
11151,1
10563,0
12380,0
7920,0
7079,0
5997,0
2851,0
10136,1
6425,0
10923,1
11473,1
6133,1
12304,1
8172,0
4797,0
10740,1
5206,0
11932,0
10276,1
6992,1
12364,1
11276,1
11612,1
6568,1
10395,0
2688,1
2085,0
3313,0
10006,0
8110,0
5558,0
2551,0
11710,0
2451,1
8670,0
8754,0
8621,1
12008,1
11395,0
4310,0
853,1
5202,1
4519,0
9193,0
9550,1
3938,1
12446,1
12261,1
4552,1
9285,0
10390,0
6947,0
10999,1
11490,1
10381,0
4828,0
9257,1
7037,0
6703,0
2514,1
2317,0
3032,1
7906,0
8392,0
7831,0
10322,0
11044,0
10264,1
3605,0
8339,0
9680,1
6715,0
7216,1
17,0
7849,1
515,0
9086,0
7361,1
12458,0
7810,1
8585,0
1794,0
10303,0
11899,1
8560,0
9312,0
10620,1
3902,1
1024,1
2845,0
554,0
5919,0
1927,0
5242,1
3023,0
3301,1
5843,0
4685,0
12132,1
2157,0
7804,1
9322,1
11644,1
6212,0
9019,0
923,1
10361,1
2200,1
5854,1
5330,0
4705,0
9838,1
3290,0
1868,1
6795,0
9668,1
9763,1
8127,1
2156,0
4283,0
7919,0
3183,0
6500,1
2539,0
1942,0
5867,1
1632,1
1637,1
3610,0
10825,0
2370,0
7413,0
3851,0
1960,0
10310,0
2874,1
2693,0
12513,1
4612,0
4548,1
11387,0
5364,0
1533,1
10421,0
3299,1
419,0
4657,0
8803,0
9191,0
10911,1
10751,1
12726,1
12460,1
6242,1
871,1
2197,1
1833,1
7285,0
7441,0
9396,1
2979,1
842,0
11209,0
1547,1
4714,1
5560,1
11607,1
338,0
7503,1
11947,1
12106,1
10893,1
8778,1
9331,0
7912,1
11066,0
1851,1
11884,1
8888,0
12225,0
3983,0
9416,0
3539,0
1206,1
6579,1
1653,0
6390,0
12256,1
879,0
7596,0
3001,1
5086,0
8114,1
4013,1
2576,1
3405,0
5638,0
7408,1
7164,0
1749,1
1006,0
10132,0
7757,1
2127,1
7219,0
3466,0
10668,1
4211,0
5404,0
5618,1
5145,1
9956,0
10637,1
5517,0
11734,1
6030,1
6882,1
550,1
8966,0
6281,1
9621,0
11903,1
8959,0
8841,0
5043,1
11263,1
7287,1
6306,0
4619,1
2390,0
812,1
9012,1
7090,0
10461,0
7345,0
940,0
6786,1
2951,0
6275,1
1731,1
5762,1
7820,0
9978,0
10920,1
4531,0
9645,0
6010,0
10850,1
8163,1
5779,1
2974,1
11670,1
11807,0
12297,0
9796,1
3300,0
3942,1
8310,1
5832,1
4811,0
10134,0
1100,0
11575,0
3978,0
3467,1
12118,1
9080,0
5271,1
3005,0
2377,0
8908,0
6154,1
5849,0
6871,0
2234,1
10586,1
6791,0
6697,0
2785,0
10770,1
10679,0
11631,1
10868,0
642,1
10018,0
8173,0
11838,1
2796,0
2897,1
5733,1
607,1
7080,1
7700,1
10890,0
11725,1
7647,1
2999,1
5362,1
12471,1
4042,0
10377,1
8350,1
9918,0
3135,1
2941,1
7675,0
4173,0
10809,0
3166,0
5579,1
1423,0
3958,1
11728,1
11180,1
5033,1
4382,1
1131,0
1822,1
8064,1
8078,0
6213,0
8844,1
10099,0
12301,1
8394,1
10019,1
8705,0
810,1
9021,0
2245,0
12131,0
887,0
2511,1
3968,0
12046,1
3821,1
5093,0
47,1
10403,0
6284,1
1064,0
11297,0
9163,1
12498,1
9989,1
514,0
5424,0
9133,0
12614,0
7306,1
11787,1
11645,1
6669,1
5082,0
10538,0
11258,1
8468,1
6022,1
8746,0
11112,1
3378,1
9593,1
7232,1
11924,1
9313,0
12505,1
7751,0
11177,1
9882,0
3857,0
7376,0
8506,0
7551,0
5491,1
1669,0
8866,0
10710,1
8534,1
9857,0
6530,0
9998,1
3679,0
2980,1
1381,0
11633,0
1739,0
8634,1
4594,0
3337,1
3828,0
3918,1
8920,0
2291,0
7983,1
1949,0
7491,1
489,0
8270,0
169,1
2756,1
7887,0
831,0
6347,0
2821,1
5831,1
6838,1
8120,1
5359,1
828,1
8847,0
8226,0
11997,0
6280,1
5029,0
8069,1
888,0
7859,0
4123,0
1400,1
11203,0
6574,0
7490,0
4583,0
12163,0
8745,0
12568,0
10602,1
11186,1
4327,0
4680,0
12473,0
8771,1
10382,0
7730,1
2674,0
6740,1
8073,0
6965,0
6191,1
8498,1
5663,1
9207,1
7816,1
8278,1
2259,0
1212,0
214,1
1357,0
11577,1
787,0
5338,0
2307,1
4980,0
6044,0
3152,1
9177,0
324,1
8941,1
5768,0
9988,1
12152,1
9809,0
533,0
7611,0
8723,0
9168,0
11566,0
1584,0
6930,1
6951,0
5524,1
3811,1
10702,1
1304,1
2977,1
2293,0
995,1
10560,1
6572,0
5665,1
6141,0
476,1
5007,0
7773,1
4376,0
897,1
9095,1
5147,1
3208,1
9517,1
7545,1
9665,0
12747,1
6075,0
5939,0
1655,0
12332,0
2159,1
6915,0
11314,1
4418,0
7214,0
12331,1
12363,1
9590,1
4200,0
1459,0
3957,1
10017,0
4652,0
10997,1
1971,1
3217,0
10716,0
2875,0
5020,0
772,0
5816,1
11758,1
427,0
10986,0
8620,0
3819,1
12253,1
11165,1
374,1
6211,0
10626,0
11357,1
7393,1
2070,0
10236,0
3431,0
9738,0
8155,1
3743,0
4433,1
4100,0
3506,1
10425,0
9945,0
4572,1
10929,1
9234,0
3485,1
3573,0
6894,0
2006,1
10229,0
344,0
720,1
9291,1
8030,1
6402,1
11619,0
3483,0
11736,1
8895,1
3627,1
7351,0
8581,1
956,1
8666,0
1563,0
8798,0
495,0
4309,0
8854,0
243,1
8592,0
110,0
8301,1
12133,1
9800,0
2616,0
7615,1
4529,0
8329,0
8191,1
2523,1
8590,0
4400,0
9211,0
6190,1
11031,0
3444,0
4139,0
11785,1
1180,0
8878,1
4230,0
11983,0
4476,1
2102,0
11557,1
1598,0
12667,1
6301,0
2877,1
2186,1
558,0
11523,1
11249,1
12585,0
8247,0
475,0
4047,0
8081,0
5439,0
6449,1
4785,0
3624,1
4406,1
1044,0
6796,1
8291,1
5200,0
7642,0
630,1
2844,1
11144,1
9040,0
12510,1
7129,0
3750,1
11125,1
3267,0
5774,0
1565,1
6942,1
10588,1
6556,1
7528,1
5203,0
6245,0
5588,1
4976,0
3630,1
3252,0
2855,1
860,1
6700,0
6481,0
7995,0
3186,0
1842,0
1193,0
2973,1
10254,0
5187,0
4992,0
10172,1
904,0
12022,0
7167,1
9154,1
6100,0
498,0
5959,0
7358,0
5576,0
5975,1
6361,1
3738,1
6597,0
8915,1
3590,1
11786,0
7567,0
11160,1
7657,1
8833,0
4904,0
6331,1
7807,1
6550,0
12425,0
7523,0
10333,0
6785,1
10937,1
11337,1
368,0
1836,0
2970,0
7177,1
9509,0
12141,1
12299,0
10729,0
10928,0
9391,0
5100,1
8186,0
12428,1
7197,0
10186,0
8584,0
5466,0
12396,0
11402,1
9348,0
7026,0
2497,1
4436,0
7061,0
2923,0
2587,0
12064,1
10056,0
8541,1
4107,0
189,1
7024,0
2989,1
5306,1
2251,0
2374,0
2813,0
9359,1
11378,1
12302,0
508,1
1052,0
7369,0
4308,1
2348,0
7384,1
383,1
10841,0
606,1
10294,0
9435,1
8327,1
196,1
10756,0
740,1
8134,1
10280,0
12120,1
1860,0
7588,1
9418,0
4329,0
9724,1
11026,1
10632,1
10653,1
12685,1
898,1
6902,0
10930,0
2446,1
9376,0
2020,0
3619,0
7414,0
4737,0
3382,0
11495,0
955,0
612,1
2860,0
3401,0
12445,1
12387,0
1386,0
6260,0
6208,0
11863,1
11802,0
5174,1
5092,1
11809,1
6943,0
736,0
660,1
4694,0
296,0
5928,1
7827,1
7709,0
8294,0
2005,1
858,1
7557,0
7570,1
3455,1
8834,1
8955,0
6864,0
4979,0
1384,0
9441,0
10967,0
3319,1
6623,0
5896,0
10844,1
8118,0
12233,1
6886,0
7797,0
1377,0
5156,1
11732,1
30,0
11074,0
11446,1
4411,1
11153,0
6912,0
4627,1
7673,0
4161,0
3510,1
4938,1
12716,1
5937,1
11238,1
2101,0
3172,1
9140,1
6663,0
10537,0
10852,1
3914,0
11330,1
10394,1
8009,0
7572,0
1288,1
3288,0
6728,0
5705,0
2411,1
9924,0
8074,1
5614,1
7108,0
5075,1
6727,0
11033,1
5661,1
12439,1
7614,0
9892,1
3780,0
10008,1
999,0
814,0
12474,1
4983,0
9096,0
9468,0
6750,0
6134,0
10036,0
2577,1
1609,0
1031,0
8971,0
10791,0
2442,0
8736,0
1954,1
10259,0
6166,1
11694,0
752,1
5474,0
9599,0
7083,1
6089,1
195,1
4710,0
4598,0
3887,0
2928,1
7328,0
1888,0
8304,1
11709,0
1706,1
1859,0
5038,1
6187,1
152,1
12659,1
6404,0
1989,0
8045,1
1014,1
6822,1
8004,0
5715,0
10453,1
924,1
2450,0
5214,0
10619,0
5245,0
10685,1
227,0
2425,1
8369,0
9125,0
3860,0
1467,0
7152,1
1379,0
6221,0
7044,0
1078,0
6816,0
7890,0
6067,1
12313,1
226,0
12343,0
9333,0
9264,1
12186,1
12134,1
2272,0
12365,1
3447,0
8125,0
728,1
3411,0
7029,0
3503,0
7346,1
5193,0
11613,0
2677,0
12714,1
6538,0
10405,1
2740,0
9690,0
6505,0
11856,0
926,0
4875,0
1223,1
4284,0
1158,1
10298,1
12676,1
4297,0
12136,1
7302,1
6265,1
2338,0
8361,0
1373,1
8265,0
2541,1
8041,1
9025,1
10810,1
1067,1
11072,0
964,0
111,0
9165,1
2649,0
2769,1
4816,0
2290,0
10265,0
8597,0
9991,0
8725,0
1440,0
12284,1
4168,0
12461,0
4963,0
11164,1
217,1
6229,1
4933,1
6087,1
5695,0
3056,0
6369,0
10340,0
26,0
3374,0
3907,0
8871,0
12203,1
2128,1
6528,0
3008,0
5352,1
5103,1
10371,0
5597,1
4642,0
12041,1
3531,1
8647,0
10212,0
10288,1
1291,1
2313,1
9402,0
11109,1
2208,1
5714,0
2470,1
5794,1
3469,1
422,1
12241,1
10581,1
8653,1
7353,0
10339,1
8924,0
526,1
9877,0
6289,0
2012,0
3786,0
64,0
4512,0
8680,1
9650,0
10423,1
1514,1
8507,1
12416,1
11864,1
12257,1
3543,0
1672,1
5970,0
2051,0
6971,1
2096,0
7382,0
1035,1
24,1
3773,0
10272,1
7478,0
7899,0
4545,0
6903,0
6611,1
8178,1
2752,1
10687,0
9823,1
8104,1
1535,0
8943,1
4339,0
7626,0
10525,0
1525,0
8514,0
11583,0
7458,1
8458,1
6482,1
6673,0
8863,0
51,0
5813,0
8588,1
2622,0
5781,0
5060,1
12214,1
8889,1
3862,1
7256,0
12597,0
2637,0
4945,1
6514,0
7104,0
3684,0
132,1
588,0
1119,0
1524,0
8368,0
10432,1
9131,0
1492,1
12356,1
8683,0
11040,1
9101,1
11131,1
7959,0
77,0
4787,1
7661,1
4354,1
10451,1
9868,0
3060,0
2124,0
8619,1
11261,0
9876,1
6416,0
222,0
1134,1
4582,0
4226,0
10732,1
5519,1
12589,1
9208,0
8365,1
10437,0
2141,1
1084,0
395,0
7165,0
3691,1
1148,0
358,1
1008,0
1005,0
11089,0
11766,0
561,0
9335,0
436,1
4209,0
1716,0
5113,1
1427,1
347,0
6164,0
739,0
3734,1
8231,0
5304,0
